Date,Rank,TRACK,Peak,Prev,Streak,Streams
2025-01-02,1,Jo Tum Mere Ho Anuv Jain,1,1,21,6734459
2025-01-02,2,"Ishq Hai Anurag Saikia, Raj Shekhar, Romy, Amarabha Banerjee, Varun Jain, Madhubanti Bagchi, Mismatched - Cast",2,2,3,6681446
2025-01-02,3,"Raanjhan (From ""Do Patti"") Sachet-Parampara, Parampara Tandon, Kausar Munir",2,3,11,5670328
2025-01-02,4,"Die With A Smile Lady Gaga, Bruno Mars",4,4,14,5480132
2025-01-02,5,"Sahiba Jasleen Royal, Stebin Ben, Vijay Deverakonda, Radhikka Madan, Priya Saraiya, Aditya Sharma",5,6,6,5120142
2025-01-02,6,"Ishq Faheem Abdullah, Rauhan Malik, Amir Ameer",2,5,40,4720228
2025-01-02,7,Wavy Karan Aujla,4,7,7,4526435
2025-01-02,8,"Aaj Ki Raat (From ""Stree 2"") Sachin-Jigar, Madhubanti Bagchi, Divya Kumar, Amitabh Bhattacharya",1,8,23,4404628
2025-01-02,9,Millionaire Yo Yo Honey Singh,3,10,18,4270616
2025-01-02,10,"Sajni (From ""Laapataa Ladies"") Ram Sampath, Arijit Singh, Prashant Pandey",1,9,35,3850295
2025-01-02,11,"Apna Bana Le Sachin-Jigar, Arijit Singh, Amitabh Bhattacharya",1,11,62,3674102
2025-01-02,12,"Jaana Samjho Na (From ""Bhool Bhulaiyaa 3"") Aditya Rikhari, Tulsi Kumar, Lijo George-Dj Chetas",9,12,9,3648344
2025-01-02,13,"APT. ROSÉ, Bruno Mars",13,20,11,3414531
2025-01-02,14,"Payal Yo Yo Honey Singh, Paradox",14,17,6,3342763
2025-01-02,15,Russian Bandana Dhanda Nyoliwala,6,14,14,3334655
2025-01-02,16,"Tujhe Kitna Chahne Lage (From ""Kabir Singh"") Arijit Singh, Mithoon",2,16,292,3234963
2025-01-02,17,"Softly Karan Aujla, Ikky",4,19,72,3172926
2025-01-02,18,Husn Anuv Jain,1,15,57,2995142
2025-01-02,19,"Satranga (From ""ANIMAL"") Arijit Singh, Shreyas Puranik, Siddharth - Garima",2,21,62,2953604
2025-01-02,20,"Chuttamalle (From ""Devara Part 1"") Shilpa Rao, Anirudh Ravichander, Ramajogayya Sastry",4,18,22,2948251
2025-01-02,21,"Mera Mann Juss, MixSingh",12,13,4,2944087
2025-01-02,22,Tauba Tauba Karan Aujla,1,26,26,2857867
2025-01-02,23,"Tum Se Hi Pritam, Mohit Chauhan, Irshad Kamil",14,23,247,2817661
2025-01-02,24,"Aayi Nai (From ""Stree 2"") Sachin-Jigar, Pawan Singh, Simran Choudhary, Divya Kumar, Amitabh Bhattacharya",2,28,21,2786079
2025-01-02,25,"Tum Se (From ""Teri Baaton Mein Aisa Uljha Jiya"") Sachin-Jigar, Raghav Chaitanya, Varun Jain, Indraneel",10,30,45,2725997
2025-01-02,26,"Ye Tune Kya Kiya Pritam, Javed Bashir",26,29,39,2707986
2025-01-02,27,"Naina (From ""Crew"") Diljit Dosanjh, Badshah, Raj Ranjodh",3,22,43,2689817
2025-01-02,28,"Pehle Bhi Main Vishal Mishra, Raj Shekhar",1,25,57,2681949
2025-01-02,29,"Dekhha Tenu (From ""Mr. And Mrs. Mahi"") Mohammad Faiz, Jaani",2,37,33,2599256
2025-01-02,30,"Ajab Si Vishal-Shekhar, KK",24,24,124,2586529
2025-01-02,31,Born to Shine Diljit Dosanjh,14,31,44,2569610
2025-01-02,32,"Aaye Haaye (Feat. Nora Fatehi) Karan Aujla, Neha Kakkar, Jay Trak",32,34,4,2567913
2025-01-02,33,blue yung kai,33,53,4,2566146
2025-01-02,34,"Humdard (From ""Ek Villain"") Arijit Singh",24,27,134,2559212
2025-01-02,35,"Victory Anthem Khushi TDT, Lash curry, Audiocrackerr",17,32,8,2493665
2025-01-02,36,"Sang Rahiyo (feat. Ujjwal Kashyap) Jasleen Royal, Ujjwal Kashyap",21,36,42,2474947
2025-01-02,37,Tu hai kahan AUR,1,41,64,2418016
2025-01-02,38,Baarishein Anuv Jain,16,35,150,2392162
2025-01-02,39,"O Maahi Pritam, Arijit Singh, Irshad Kamil",4,39,55,2370709
2025-01-02,40,"Mere Sohneya (From ""Kabir Singh"") Sachet Tandon, Parampara Tandon, Sachet-Parampara",4,48,102,2367614
2025-01-02,41,"Heeriye (feat. Arijit Singh) Jasleen Royal, Arijit Singh, Dulquer Salmaan",1,40,75,2350752
2025-01-02,42,"Suniyan Suniyan Juss, MixSingh",3,38,33,2349676
2025-01-02,43,"Tainu Khabar Nahi - From ""Munjya"" Sachin-Jigar, Arijit Singh",17,46,29,2333190
2025-01-02,44,"Akhiyaan Gulaab (From ""Teri Baaton Mein Aisa Uljha Jiya"") Mitraz",2,43,49,2326509
2025-01-02,45,"Peelings (From ""Pushpa 2 The Rule"") [TELUGU] Shankarr Babu Kandukoori, Laxmi Dasa, Devi Sri Prasad, Chandra Bose, Siju Thuravoor",19,33,4,2283042
2025-01-02,46,"Khoobsurat (From ""Stree 2"") Sachin-Jigar, Vishal Mishra, Amitabh Bhattacharya",5,42,20,2254925
2025-01-02,47,One Love Shubh,3,47,72,2207754
2025-01-02,48,"Tumhare Hi Rahenge Hum (From ""Stree 2"") Sachin-Jigar, Varun Jain, Shilpa Rao, Amitabh Bhattacharya",8,51,20,2132400
2025-01-02,49,"Maiyya Sachet-Parampara, Sachet Tandon, Parampara Tandon, Kausar Munir",49,52,4,2128233
2025-01-02,50,"White Brown Black Avvy Sra, Karan Aujla, Jaani",29,54,107,2126223
2025-01-02,51,Bandana Shubh,8,58,40,2103606
2025-01-02,52,"O Saathi Atif Aslam, Arko",52,57,64,2067952
2025-01-02,53,"Morni Badshah, Sharvi Yadav, Hiten",33,50,6,2064946
2025-01-02,54,"Jeena Jeena Sachin-Jigar, Atif Aslam",29,45,49,2037845
2025-01-02,55,"Kaise Hua (From ""Kabir Singh"") Vishal Mishra, Manoj Muntashir",5,44,290,2031385
2025-01-02,56,"Kho Gaye Taaruk Raina, Mismatched - Cast",8,55,2,2030004
2025-01-02,57,"Agar Tum Saath Ho (From ""Tamasha"") Alka Yagnik, Arijit Singh",4,60,283,2005837
2025-01-02,58,"Mere Mehboob Sachin-Jigar, Shilpa Rao, Sachet Tandon, Priya Saraiya",29,49,13,1964897
2025-01-02,59,"Tera Ban Jaunga (From ""Kabir Singh"") Akhil Sachdeva, Tulsi Kumar",4,62,69,1948736
2025-01-02,60,"Aasa Kooda - From ""Think Indie"" Sai Abhyankkar, Sai Smriti",3,64,28,1943558
2025-01-02,61,Desi Kalakaar Yo Yo Honey Singh,13,71,21,1937227
2025-01-02,62,"Tum Hi Ho Mithoon, Arijit Singh",42,61,205,1927358
2025-01-02,63,Blue Eyes Yo Yo Honey Singh,38,86,18,1924559
2025-01-02,64,Samjho Na Aditya Rikhari,23,66,81,1914321
2025-01-02,65,"Subhanallah Pritam, Sreeram, Shilpa Rao",41,68,24,1896391
2025-01-02,66,Shree Hanuman Chalisa Hariharan,39,80,117,1890838
2025-01-02,67,"Manasilaayo Anirudh Ravichander, Malaysia Vasudevan, Deepthi Suresh, Yugendran Vasudevan",7,70,17,1881485
2025-01-02,68,Dil Diyan Gallan Atif Aslam,53,69,112,1873786
2025-01-02,69,"Saibo Sachin-Jigar, Shreya Ghoshal, Tochi Raina",31,65,212,1868729
2025-01-02,70,"Humsafar (From ""Badrinath Ki Dulhania"") Akhil Sachdeva, Mansheel Gujral",70,78,9,1862732
2025-01-02,71,"Ranjha Jasleen Royal, B Praak, Romy",1,67,178,1861535
2025-01-02,72,"Janiye (from the Netflix Film ""Chor Nikal Ke Bhaga"") Vishal Mishra, Rashmeet Kaur",5,56,78,1836526
2025-01-02,73,Cheques Shubh,1,77,84,1836247
2025-01-02,74,"Hey Minnale G. V. Prakash, Haricharan, Shweta Mohan, Karthik Netha",10,59,12,1832386
2025-01-02,75,"Haan Ke Haan Sohail Sen, Monali Thakur, Kausar Munir",9,75,22,1829298
2025-01-02,76,"Hawayein Pritam, Arijit Singh",51,82,95,1828772
2025-01-02,77,Tere Bina Na Guzara E Josh Brar,19,63,12,1825969
2025-01-02,78,"Shayad Pritam, Arijit Singh",1,87,259,1812064
2025-01-02,79,"Winning Speech Karan Aujla, Mxrci",8,76,33,1808519
2025-01-02,80,"Excuses AP Dhillon, Gurinder Gill, Intense",1,94,167,1807084
2025-01-02,81,"Pee Loon Pritam, Mohit Chauhan, Irshad Kamil",37,89,45,1803528
2025-01-02,82,"Tera Hone Laga Hoon Atif Aslam, Alisha Chinai, Pritam",33,90,190,1796980
2025-01-02,83,"Soch Na Sake Amaal Mallik, Arijit Singh, Tulsi Kumar",46,72,75,1782324
2025-01-02,84,"Kinni Kinni Diljit Dosanjh, thiarajxtt",24,83,60,1776158
2025-01-02,85,"Tu Hain Toh (From ""Mr. And Mrs. Mahi"") Bunny, Hunny, Sagar",8,103,28,1771695
2025-01-02,86,Old Money AP Dhillon,13,73,20,1758561
2025-01-02,87,"Zaroor Aparshakti Khurana, Savi Kahlon",13,84,22,1743798
2025-01-02,88,"Soulmate Badshah, Arijit Singh",2,91,41,1722757
2025-01-02,89,Love Dose Yo Yo Honey Singh,32,102,18,1714572
2025-01-02,90,"Chaleya Anirudh Ravichander, Arijit Singh, Shilpa Rao, Kumaar",1,81,73,1711334
2025-01-02,91,"Pehli Dafa Atif Aslam, Shiraz Uppal",90,96,52,1702922
2025-01-02,92,"Illuminati Sushin Shyam, Dabzee, Vinayak Sasikumar",3,101,39,1696465
2025-01-02,93,"Kissik (From ""Pushpa 2 The Rule"") [TELUGU] Sublahshini, Devi Sri Prasad, Chandra Bose",30,74,5,1686133
2025-01-02,94,"O Meri Laila Atif Aslam, Jyotica Tangri",16,108,21,1684934
2025-01-02,95,"Jhol Maanu, Annural Khalid",95,135,3,1675255
2025-01-02,96,Maiyya Mainu Sachet Tandon,5,95,20,1675226
2025-01-02,97,"Ishq Sufiyana (Male) Vishal-Shekhar, Kamal Khan",79,79,4,1672873
2025-01-02,98,"Kesariya Pritam, Arijit Singh, Amitabh Bhattacharya",1,85,129,1669092
2025-01-02,99,Mann Mera Gajendra Verma,26,93,60,1660376
2025-01-02,100,"Nain Matakka - From ""Baby John"" Thaman S, Diljit Dosanjh, Dhee, Irshad Kamil",100,123,4,1649162
2025-01-02,101,"Ve Haaniyaan Danny, Avvy Sra, Sagar",10,88,48,1648620
2025-01-02,102,"Dil Tu Jaan Tu Gurnazar, Chet Singh",14,100,23,1626347
2025-01-02,103,Maan Meri Jaan King,1,92,116,1626216
2025-01-02,104,"Tere Bina A.R. Rahman, Chinmayi, Murtuza Khan, Qadir Khan",103,105,19,1623640
2025-01-02,105,"Kasturi (From ""Amar Prem Ki Prem Kahani"") Arijit Singh, Prasad S, Kunaal Vermaa",65,121,11,1610518
2025-01-02,106,Espresso Sabrina Carpenter,26,116,36,1604911
2025-01-02,107,"Admirin' You (feat. Preston Pablo) Karan Aujla, Ikky, Preston Pablo",24,112,74,1598065
2025-01-02,108,"Taras - From ""Munjya"" Sachin-Jigar, Jasmine Sandlas, Amitabh Bhattacharya",38,115,29,1597475
2025-01-02,109,"Hamari Adhuri Kahani (Title Track) Jeet Gannguli, Arijit Singh",56,99,124,1594940
2025-01-02,110,I Wanna Be Yours Arctic Monkeys,48,111,112,1589320
2025-01-02,111,"God Damn Badshah, Karan Aujla, Hiten",15,114,41,1582884
2025-01-02,112,"AANKH Sunidhi Chauhan, Rusha & Blizza",112,144,2,1580057
2025-01-02,113,Lemonade Diljit Dosanjh,26,97,122,1579479
2025-01-02,114,"Bujji Thalli (From ""Thandel"") Devi Sri Prasad, Javed Ali, Shree Mani",80,98,5,1573705
2025-01-02,115,"Soni Soni (From ""Ishq Vishk Rebound"") Darshan Raval, Jonita Gandhi, Rochak Kohli, Gurpreet Saini",4,130,31,1570249
2025-01-02,116,"Saiyyan Kailash Kher, Paresh Kamath, Naresh Kamath",103,110,25,1560977
2025-01-02,117,Perfect Ed Sheeran,29,109,246,1552062
2025-01-02,118,"Lalkara Diljit Dosanjh, Intense, Sultaan",22,122,65,1548859
2025-01-02,119,Kabhi Kabhi Aditi Rashid Ali,58,136,52,1540496
2025-01-02,120,"Mitwa Shankar-Ehsaan-Loy, Shankar Mahadevan, Caralisa Monteiro, Shafqat Amanat Ali",119,132,10,1531546
2025-01-02,121,"Sooseki (From ""Pushpa 2 The Rule"") [TELUGU] Shreya Ghoshal, Devi Sri Prasad, Chandra Bose",89,124,5,1526629
2025-01-02,122,"Kissik (From ""Pushpa 2 The Rule"") [HINDI] Lothika, Sublahshini, Devi Sri Prasad, Raqueeb Alam",122,134,3,1522485
2025-01-02,123,"Khuda Jaane Vishal-Shekhar, KK, Shilpa Rao, Anvita Dutt Guptan",37,106,85,1520483
2025-01-02,124,Manjha Vishal Mishra,16,113,95,1510640
2025-01-02,125,"Hasi - Male Version Ami Mishra, Kunaal Vermaa",77,131,79,1498203
2025-01-02,126,"Ae Dil Hai Mushkil Title Track Pritam, Arijit Singh",79,119,123,1495546
2025-01-02,127,G.O.A.T. Diljit Dosanjh,1,120,17,1487779
2025-01-02,128,ANTIDOTE Karan Aujla,32,127,27,1481175
2025-01-02,129,"Mast Magan (From ""2 States"") Arijit Singh, Chinmayi",45,118,134,1477584
2025-01-02,130,"Ve Kamleya (From ""Rocky Aur Rani Kii Prem Kahaani"") Pritam, Arijit Singh, Shreya Ghoshal, Shadab Faridi, Altamash Faridi, Amitabh Bhattacharya",15,139,62,1458111
2025-01-02,131,"Pani Da Rang - Male Vocals Ayushmann Khurrana, Rochak Kohli",68,107,6,1455451
2025-01-02,132,"Malang Sajna Sachet Tandon, Parampara Tandon, Kumaar, Sachet-Parampara",4,117,102,1444892
2025-01-02,133,"Teri Baaton Mein Aisa Uljha Jiya Title Song (From ""Teri Baaton Mein Aisa Uljha Jiya"") Raghav, Tanishk Bagchi, Asees Kaur",5,182,5,1442270
2025-01-02,134,"Hua Main (From ""ANIMAL"") Raghav Chaitanya, Manoj Muntashir, Pritam",6,129,64,1440161
2025-01-02,135,Knife Brows Dhanda Nyoliwala,80,128,8,1428051
2025-01-02,136,Kahani Suno 2.0 Kaifi Khalil,1,126,107,1414626
2025-01-02,137,"Aam Jahe Munde Parmish Verma, PARDHAAN, Desi Crew",20,143,77,1409248
2025-01-02,138,"Duniyaa (From ""Luka Chuppi"") Akhil, Dhvani Bhanushali, Kunaal Vermaa, Abhijit Vaghani",1,133,306,1403542
2025-01-02,139,"Ishq Di Baajiyaan Shankar-Ehsaan-Loy, Diljit Dosanjh",137,137,4,1401231
2025-01-02,140,"Ami Je Tomar 3.0 Amaal Mallik, Shreya Ghoshal, Sameer Anjaan, Pritam",47,141,8,1398168
2025-01-02,141,"Tum Kya Mile (From ""Rocky Aur Rani Kii Prem Kahaani"") Pritam, Arijit Singh, Shreya Ghoshal, Amitabh Bhattacharya",9,159,79,1386709
2025-01-02,142,"Tere Sang Yaara Atif Aslam, Manoj Muntashir",125,125,8,1385576
2025-01-02,143,"Teri Deewani Kailash Kher, Paresh Kamath, Naresh Kamath",143,157,3,1379294
2025-01-02,144,Shape of You Ed Sheeran,63,140,14,1377076
2025-01-02,145,Up To U Dhanda Nyoliwala,58,142,8,1365586
2025-01-02,146,"9:45 Prabh Singh, Jay Trak, Rooh Sandhu",9,150,78,1358525
2025-01-02,147,"Pirai Thedum Saindhavi, G. V. Prakash",107,155,4,1354802
2025-01-02,148,Night Changes One Direction,22,138,188,1348467
2025-01-02,149,"Pal Javed-Mohsin, Arijit Singh, Shreya Ghoshal, Kunaal Vermaa, Prashant Ingole",34,162,191,1346146
2025-01-02,150,"Kabira Pritam, Tochi Raina, Rekha Bhardwaj",31,151,247,1343203
2025-01-02,151,"Kalank - Title Track Pritam, Arijit Singh",5,173,2,1341823
2025-01-02,152,Choo Lo The Local Train,49,148,79,1340946
2025-01-02,153,Nazm Nazm Arko,106,167,4,1334049
2025-01-02,154,Guzarish Javed Ali,148,160,12,1332884
2025-01-02,155,"Tu Jaane Na Atif Aslam, Pritam",71,145,49,1330562
2025-01-02,156,"One Of The Girls (with JENNIE, Lily Rose Depp) The Weeknd, JENNIE, Lily-Rose Depp",98,146,52,1327465
2025-01-02,157,"Angaaron (From ""Pushpa 2 The Rule"") [HINDI] Shreya Ghoshal, Devi Sri Prasad, Raqueeb Alam",37,180,3,1322802
2025-01-02,158,"Golden Sparrow (From ""Nilavuku En Mel Ennadi Kobam"") G. V. Prakash, Arivu, Dhanush, Sublahshini",75,189,2,1321920
2025-01-02,159,Tera Fitoor Arijit Singh,61,—,1,1316610
2025-01-02,160,"Phir Bhi Tumko Chaahunga Mithoon, Arijit Singh, Shashaa Tirupati",149,149,15,1314667
2025-01-02,161,"Tujhe Bhula Diya Vishal-Shekhar, Mohit Chauhan, Shekhar Ravjiani, Shruti Pathak",94,152,17,1313055
2025-01-02,162,"Hass Hass Diljit Dosanjh, Sia, Greg Kurstin",5,153,17,1312420
2025-01-02,163,"Starboy The Weeknd, Daft Punk",12,165,134,1311717
2025-01-02,164,"Humnava Mere Jubin Nautiyal, Rocky - Shiv",66,170,18,1311093
2025-01-02,165,"Timeless (feat. Playboi Carti) The Weeknd, Playboi Carti",165,192,2,1308277
2025-01-02,166,Asal Mein Darshan Raval,21,178,97,1297218
2025-01-02,167,"Jaanam (From ""Bad Newz"") Vishal Mishra",7,158,5,1294722
2025-01-02,168,"Beer Song - From ""Diesel"" Dhibu Ninan Thomas, Gana Guna, Rokesh",161,161,4,1284348
2025-01-02,169,"Ayudha Pooja [TELUGU] Kala Bhairava, Anirudh Ravichander, Ramajogayya Sastry",50,156,14,1279293
2025-01-02,170,"Mere Liye Tum Kaafi Ho (From ""Shubh Mangal Zyada Saavdhan"") Ayushmann Khurrana, Tanishk-Vayu",11,104,27,1279006
2025-01-02,171,"Chahun Main Ya Naa (From ""Aashiqui 2"") Palak Muchhal, Arijit Singh",108,166,59,1276678
2025-01-02,172,"Raabta Pritam, Arijit Singh",41,172,11,1274817
2025-01-02,173,"Channa Ve - From ""Bhoot - Part One: The Haunted Ship"" Mansheel Gujral, Akhil Sachdeva",33,181,3,1273181
2025-01-02,174,"Zara Sa Pritam, KK",33,177,14,1271599
2025-01-02,175,"Check It Out Parmish Verma, Paradox",19,168,3,1267619
2025-01-02,176,Maula Mere Maula Roop Kumar Rathod,135,184,20,1266013
2025-01-02,177,"Sajna Ve Sajna (From ""Vicky Vidya Ka Woh Wala Video"") Sunidhi Chauhan, Divya Kumar, Sandesh Shandilya, White Noise Collectives, Irshad Kamil",177,—,1,1264019
2025-01-02,178,Alag Aasmaan Anuv Jain,30,154,61,1262667
2025-01-02,179,"Bhool Bhulaiyaa 3 - Title Track (feat. Pitbull) Pitbull, Diljit Dosanjh, Tanishk Bagchi, Pritam, Neeraj Shridhar, Dhrruv Yogi, Sameer Anjaan",13,188,11,1255531
2025-01-02,180,"Bolna (From ""Kapoor & Sons (Since 1921)"") Tanishk Bagchi, Arijit Singh, Asees Kaur",59,163,63,1254223
2025-01-02,181,"O Rangrez Shankar-Ehsaan-Loy, Shreya Ghoshal, Javed Bashir, Yusuf Mohammed, Vajid Ali",159,174,9,1249537
2025-01-02,182,"Katchi Sera - From ""Think Indie"" Sai Abhyankkar",6,179,4,1244993
2025-01-02,183,"Main Rang Sharbaton Ka Atif Aslam, Chinmayi, Pritam",73,—,1,1244124
2025-01-02,184,King Shit Shubh,5,193,52,1240338
2025-01-02,185,"Ilahi Pritam, Arijit Singh",185,—,1,1240264
2025-01-02,186,"Zihaal e Miskin Javed-Mohsin, Vishal Mishra, Shreya Ghoshal",7,187,11,1230577
2025-01-02,187,"Qaafirana Amit Trivedi, Arijit Singh, Nikhita Gandhi",40,—,1,1222817
2025-01-02,188,"Jeene Laga Hoon Atif Aslam, Shreya Ghoshal, Sachin-Jigar",62,197,13,1222344
2025-01-02,189,"Godari Gattu Meedha (From ""Sankranthiki Vasthunam"") Ramana Gogula, Madhupriya, Bheems Ceciroleo, Bhaskarabhatla",189,—,1,1214887
2025-01-02,190,"Phir Aur Kya Chahiye (From ""Zara Hatke Zara Bachke"") Sachin-Jigar, Arijit Singh, Amitabh Bhattacharya",1,—,1,1210241
2025-01-02,191,"Sawaar Loon Monali Thakur, Amit Trivedi",53,194,2,1208063
2025-01-02,192,"Dil Se Dil Tak (From ""Bawaal"") Akashdeep Sengupta, Laqshay Kapoor, Kausar Munir, Suvarna Tiwari",38,169,4,1207887
2025-01-02,193,"Zaalima Arijit Singh, Harshdeep Kaur",78,164,2,1204131
2025-01-02,194,"Chale Aana (From ""De De Pyaar De"") Amaal Mallik, Armaan Malik, Kunaal Vermaa",18,175,8,1203861
2025-01-02,195,"Proper Patola Badshah, Diljit Dosanjh, Aastha Gill",18,—,1,1203721
2025-01-02,196,"Dil Nu AP Dhillon, Shinda Kahlon",33,—,1,1201118
2025-01-02,197,"Phir Mohabbat (From ""Murder 2"") Mohammed Irfan, Arijit Singh, Saim Bhat",135,—,1,1200801
2025-01-02,198,"Tum Ho Mohit Chauhan, Suzanne D'Mello",62,176,31,1195003
2025-01-02,199,"Samjhawan Jawad Ahmad, Shaarib Toshi, Arijit Singh, Shreya Ghoshal",70,—,1,1190572
2025-01-02,200,"Beete Lamhein (From ""The Train"") KK",75,190,34,1187792
2025-01-09,1,"Ishq Hai Anurag Saikia, Raj Shekhar, Romy, Amarabha Banerjee, Varun Jain, Madhubanti Bagchi, Mismatched - Cast",1,2,4,7206883
2025-01-09,2,"Sahiba Jasleen Royal, Stebin Ben, Vijay Deverakonda, Radhikka Madan, Priya Saraiya, Aditya Sharma",2,5,7,6997938
2025-01-09,3,Jo Tum Mere Ho Anuv Jain,1,1,22,6601073
2025-01-09,4,"Raanjhan (From ""Do Patti"") Sachet-Parampara, Parampara Tandon, Kausar Munir",2,3,12,5639501
2025-01-09,5,"Die With A Smile Lady Gaga, Bruno Mars",4,4,15,5441742
2025-01-09,6,"Ishq Faheem Abdullah, Rauhan Malik, Amir Ameer",2,6,41,4730083
2025-01-09,7,Wavy Karan Aujla,4,7,8,4292501
2025-01-09,8,Millionaire Yo Yo Honey Singh,3,9,19,4173182
2025-01-09,9,"Sajni (From ""Laapataa Ladies"") Ram Sampath, Arijit Singh, Prashant Pandey",1,10,36,3836669
2025-01-09,10,"Apna Bana Le Sachin-Jigar, Arijit Singh, Amitabh Bhattacharya",1,11,63,3813222
2025-01-09,11,"Aaj Ki Raat (From ""Stree 2"") Sachin-Jigar, Madhubanti Bagchi, Divya Kumar, Amitabh Bhattacharya",1,8,24,3698760
2025-01-09,12,"Jaana Samjho Na (From ""Bhool Bhulaiyaa 3"") Aditya Rikhari, Tulsi Kumar, Lijo George-Dj Chetas",9,12,10,3696477
2025-01-09,13,"Tujhe Kitna Chahne Lage (From ""Kabir Singh"") Arijit Singh, Mithoon",2,16,293,3327114
2025-01-09,14,"Payal Yo Yo Honey Singh, Paradox",14,14,7,3267754
2025-01-09,15,Russian Bandana Dhanda Nyoliwala,6,15,15,3257524
2025-01-09,16,"APT. ROSÉ, Bruno Mars",13,13,12,3209200
2025-01-09,17,"Softly Karan Aujla, Ikky",4,17,73,3064709
2025-01-09,18,"Satranga (From ""ANIMAL"") Arijit Singh, Shreyas Puranik, Siddharth - Garima",2,19,63,2993886
2025-01-09,19,Husn Anuv Jain,1,18,58,2980686
2025-01-09,20,"Tum Se Hi Pritam, Mohit Chauhan, Irshad Kamil",14,23,248,2965375
2025-01-09,21,blue yung kai,21,33,5,2840006
2025-01-09,22,"Pehle Bhi Main Vishal Mishra, Raj Shekhar",1,28,58,2778582
2025-01-09,23,"Ajab Si Vishal-Shekhar, KK",23,30,125,2720310
2025-01-09,24,"Tum Se (From ""Teri Baaton Mein Aisa Uljha Jiya"") Sachin-Jigar, Raghav Chaitanya, Varun Jain, Indraneel",10,25,46,2683401
2025-01-09,25,"Sang Rahiyo (feat. Ujjwal Kashyap) Jasleen Royal, Ujjwal Kashyap",21,36,43,2666665
2025-01-09,26,"Dekhha Tenu (From ""Mr. And Mrs. Mahi"") Mohammad Faiz, Jaani",2,29,34,2645034
2025-01-09,27,"Chuttamalle (From ""Devara Part 1"") Shilpa Rao, Anirudh Ravichander, Ramajogayya Sastry",4,20,23,2639230
2025-01-09,28,Born to Shine Diljit Dosanjh,14,31,45,2626090
2025-01-09,29,Tauba Tauba Karan Aujla,1,22,27,2615480
2025-01-09,30,"Mera Mann Juss, MixSingh",12,21,5,2594517
2025-01-09,31,"Humdard (From ""Ek Villain"") Arijit Singh",24,34,135,2564157
2025-01-09,32,"Ye Tune Kya Kiya Pritam, Javed Bashir",26,26,40,2560473
2025-01-09,33,"Mere Sohneya (From ""Kabir Singh"") Sachet Tandon, Parampara Tandon, Sachet-Parampara",4,40,103,2559933
2025-01-09,34,"Aayi Nai (From ""Stree 2"") Sachin-Jigar, Pawan Singh, Simran Choudhary, Divya Kumar, Amitabh Bhattacharya",2,24,22,2535836
2025-01-09,35,"Tainu Khabar Nahi - From ""Munjya"" Sachin-Jigar, Arijit Singh",17,43,30,2431665
2025-01-09,36,"Aaye Haaye (Feat. Nora Fatehi) Karan Aujla, Neha Kakkar, Jay Trak",32,32,5,2412431
2025-01-09,37,"Naina (From ""Crew"") Diljit Dosanjh, Badshah, Raj Ranjodh",3,27,44,2401126
2025-01-09,38,"O Maahi Pritam, Arijit Singh, Irshad Kamil",4,39,56,2395160
2025-01-09,39,Baarishein Anuv Jain,16,38,151,2364639
2025-01-09,40,Tu hai kahan AUR,1,37,65,2364088
2025-01-09,41,"Suniyan Suniyan Juss, MixSingh",3,42,34,2349063
2025-01-09,42,"Jeena Jeena Sachin-Jigar, Atif Aslam",29,54,50,2338569
2025-01-09,43,"Tera Hone Laga Hoon Atif Aslam, Alisha Chinai, Pritam",33,82,191,2318505
2025-01-09,44,"Heeriye (feat. Arijit Singh) Jasleen Royal, Arijit Singh, Dulquer Salmaan",1,41,76,2302617
2025-01-09,45,"Victory Anthem Khushi TDT, Lash curry, Audiocrackerr",17,35,9,2288681
2025-01-09,46,"Maiyya Sachet-Parampara, Sachet Tandon, Parampara Tandon, Kausar Munir",46,49,5,2288011
2025-01-09,47,"O Saathi Atif Aslam, Arko",47,52,65,2233655
2025-01-09,48,"Khoobsurat (From ""Stree 2"") Sachin-Jigar, Vishal Mishra, Amitabh Bhattacharya",5,46,21,2213368
2025-01-09,49,"Subhanallah Pritam, Sreeram, Shilpa Rao",41,65,25,2184864
2025-01-09,50,"Saibo Sachin-Jigar, Shreya Ghoshal, Tochi Raina",31,69,213,2165639
2025-01-09,51,"Akhiyaan Gulaab (From ""Teri Baaton Mein Aisa Uljha Jiya"") Mitraz",2,44,50,2160505
2025-01-09,52,"Kaise Hua (From ""Kabir Singh"") Vishal Mishra, Manoj Muntashir",5,55,291,2111003
2025-01-09,53,One Love Shubh,3,47,73,2100887
2025-01-09,54,Shree Hanuman Chalisa Hariharan,39,66,118,2097659
2025-01-09,55,"Tumhare Hi Rahenge Hum (From ""Stree 2"") Sachin-Jigar, Varun Jain, Shilpa Rao, Amitabh Bhattacharya",8,48,21,2096829
2025-01-09,56,"Ranjha (From ""Shershaah"") Jasleen Royal, B Praak, Romy",1,71,179,2081240
2025-01-09,57,"Humsafar (From ""Badrinath Ki Dulhania"") Akhil Sachdeva, Mansheel Gujral",57,70,10,2019088
2025-01-09,58,"Morni Badshah, Sharvi Yadav, Hiten",33,53,7,2001658
2025-01-09,59,"Peelings (From ""Pushpa 2 The Rule"") [TELUGU] Shankarr Babu Kandukoori, Laxmi Dasa, Devi Sri Prasad, Chandra Bose, Siju Thuravoor",19,45,5,2000293
2025-01-09,60,"Tera Ban Jaunga (From ""Kabir Singh"") Akhil Sachdeva, Tulsi Kumar",4,59,70,1999945
2025-01-09,61,"Agar Tum Saath Ho (From ""Tamasha"") Alka Yagnik, Arijit Singh",4,57,284,1990564
2025-01-09,62,"Kho Gaye Taaruk Raina, Mismatched - Cast",8,56,3,1984071
2025-01-09,63,"Tum Hi Ho Mithoon, Arijit Singh",42,62,206,1958140
2025-01-09,64,"White Brown Black Avvy Sra, Karan Aujla, Jaani",29,50,108,1947438
2025-01-09,65,Bandana Shubh,8,51,41,1942217
2025-01-09,66,Desi Kalakaar Yo Yo Honey Singh,13,61,22,1939776
2025-01-09,67,"Haan Ke Haan Sohail Sen, Monali Thakur, Kausar Munir",9,75,23,1886109
2025-01-09,68,Dil Diyan Gallan Atif Aslam,53,68,113,1883561
2025-01-09,69,Maiyya Mainu Sachet Tandon,5,96,21,1882466
2025-01-09,70,Samjho Na Aditya Rikhari,23,64,82,1879670
2025-01-09,71,"Excuses AP Dhillon, Gurinder Gill, Intense",1,80,168,1876638
2025-01-09,72,"Shayad Pritam, Arijit Singh",1,78,260,1875376
2025-01-09,73,"Pehli Dafa Atif Aslam, Shiraz Uppal",73,91,53,1853439
2025-01-09,74,"Soch Na Sake Amaal Mallik, Arijit Singh, Tulsi Kumar",46,83,76,1850300
2025-01-09,75,Cheques Shubh,1,73,85,1811485
2025-01-09,76,Blue Eyes Yo Yo Honey Singh,38,63,19,1806951
2025-01-09,77,"Tu Hain Toh (From ""Mr. And Mrs. Mahi"") Bunny, Hunny, Sagar",8,85,29,1798010
2025-01-09,78,Love Dose Yo Yo Honey Singh,32,89,19,1797206
2025-01-09,79,"Ve Kamleya (From ""Rocky Aur Rani Kii Prem Kahaani"") Pritam, Arijit Singh, Shreya Ghoshal, Shadab Faridi, Altamash Faridi, Amitabh Bhattacharya",15,130,63,1795657
2025-01-09,80,"Ishq Sufiyana (Male) Vishal-Shekhar, Kamal Khan",79,97,5,1784107
2025-01-09,81,Tere Bina Na Guzara E Josh Brar,19,77,13,1772009
2025-01-09,82,"Jhol Maanu, Annural Khalid",82,95,4,1765848
2025-01-09,83,"Aasa Kooda - From ""Think Indie"" Sai Abhyankkar, Sai Smriti",3,60,29,1763547
2025-01-09,84,Mann Mera Gajendra Verma,26,99,61,1763182
2025-01-09,85,"Zaroor Aparshakti Khurana, Savi Kahlon",13,87,23,1754494
2025-01-09,86,"O Meri Laila Atif Aslam, Jyotica Tangri",16,94,22,1746980
2025-01-09,87,"Kesariya Pritam, Arijit Singh, Amitabh Bhattacharya",1,98,130,1739228
2025-01-09,88,"Hawayein Pritam, Arijit Singh",51,76,96,1729921
2025-01-09,89,"Mere Mehboob Sachin-Jigar, Shilpa Rao, Sachet Tandon, Priya Saraiya",29,58,14,1725104
2025-01-09,90,"Soulmate Badshah, Arijit Singh",2,88,42,1715973
2025-01-09,91,"Soni Soni (From ""Ishq Vishk Rebound"") Darshan Raval, Jonita Gandhi, Rochak Kohli, Gurpreet Saini",4,115,32,1711394
2025-01-09,92,Old Money AP Dhillon,13,86,21,1710773
2025-01-09,93,"Janiye (from the Netflix Film ""Chor Nikal Ke Bhaga"") Vishal Mishra, Rashmeet Kaur",5,72,79,1708507
2025-01-09,94,"Kinni Kinni Diljit Dosanjh, thiarajxtt",24,84,61,1708182
2025-01-09,95,"Jeene Laga Hoon Atif Aslam, Shreya Ghoshal, Sachin-Jigar",62,188,14,1704930
2025-01-09,96,"Ve Haaniyaan Danny, Avvy Sra, Sagar",10,101,49,1655355
2025-01-09,97,"Tere Bina A.R. Rahman, Chinmayi, Murtuza Khan, Qadir Khan",97,104,20,1649342
2025-01-09,98,Maula Mere Maula Roop Kumar Rathod,98,176,21,1644807
2025-01-09,99,"Hamari Adhuri Kahani (Title Track) Jeet Gannguli, Arijit Singh",56,109,125,1639017
2025-01-09,100,Tera Fitoor Arijit Singh,61,159,2,1628103
2025-01-09,101,"Saiyyan Kailash Kher, Paresh Kamath, Naresh Kamath",101,116,26,1626962
2025-01-09,102,"Dil Tu Jaan Tu Gurnazar, Chet Singh",14,102,24,1620951
2025-01-09,103,"AANKH Sunidhi Chauhan, Rusha & Blizza",103,112,3,1619729
2025-01-09,104,"Winning Speech Karan Aujla, Mxrci",8,79,34,1615393
2025-01-09,105,"Bujji Thalli (From ""Thandel"") Devi Sri Prasad, Javed Ali, Shree Mani",80,114,6,1613286
2025-01-09,106,"Mitwa Shankar-Ehsaan-Loy, Shankar Mahadevan, Caralisa Monteiro, Shafqat Amanat Ali",106,120,11,1599349
2025-01-09,107,"Hasi - Male Version Ami Mishra, Kunaal Vermaa",77,125,80,1596999
2025-01-09,108,"Ae Dil Hai Mushkil Title Track Pritam, Arijit Singh",79,126,124,1578821
2025-01-09,109,Lemonade Diljit Dosanjh,26,113,123,1573268
2025-01-09,110,"Pee Loon Pritam, Mohit Chauhan, Irshad Kamil",37,81,46,1572768
2025-01-09,111,"Kasturi (From ""Amar Prem Ki Prem Kahani"") Arijit Singh, Prasad S, Kunaal Vermaa",65,105,12,1567882
2025-01-09,112,"God Damn Badshah, Karan Aujla, Hiten",15,111,42,1564220
2025-01-09,113,Espresso Sabrina Carpenter,26,106,37,1559020
2025-01-09,114,"Kabira Pritam, Tochi Raina, Rekha Bhardwaj",31,150,248,1558948
2025-01-09,115,"Chaleya Anirudh Ravichander, Arijit Singh, Shilpa Rao, Kumaar",1,90,74,1554029
2025-01-09,116,"Taras - From ""Munjya"" Sachin-Jigar, Jasmine Sandlas, Amitabh Bhattacharya",38,108,30,1553818
2025-01-09,117,"Malang Sajna Sachet Tandon, Parampara Tandon, Kumaar, Sachet-Parampara",4,132,103,1552309
2025-01-09,118,"Tu Jaane Na Atif Aslam, Pritam",71,155,50,1552192
2025-01-09,119,Kahani Suno 2.0 Kaifi Khalil,1,136,108,1545626
2025-01-09,120,"Main Rang Sharbaton Ka Atif Aslam, Chinmayi, Pritam",73,183,2,1538739
2025-01-09,121,I Wanna Be Yours Arctic Monkeys,48,110,113,1534881
2025-01-09,122,Nazm Nazm Arko,106,153,5,1529624
2025-01-09,123,"Hey Minnale G. V. Prakash, Haricharan, Shweta Mohan, Karthik Netha",10,74,13,1529450
2025-01-09,124,"Departure Lane Talha Anjum, Umair",124,—,1,1528949
2025-01-09,125,"Tum Kya Mile (From ""Rocky Aur Rani Kii Prem Kahaani"") Pritam, Arijit Singh, Shreya Ghoshal, Amitabh Bhattacharya",9,141,80,1527392
2025-01-09,126,"Lalkara Diljit Dosanjh, Intense, Sultaan",22,118,66,1521978
2025-01-09,127,"Khuda Jaane Vishal-Shekhar, KK, Shilpa Rao, Anvita Dutt Guptan",37,123,86,1518869
2025-01-09,128,"Pani Da Rang - Male Vocals Ayushmann Khurrana, Rochak Kohli",68,131,7,1518621
2025-01-09,129,Manjha Vishal Mishra,16,124,96,1517948
2025-01-09,130,Maan Meri Jaan King,1,103,117,1514077
2025-01-09,131,"Tere Sang Yaara Atif Aslam, Manoj Muntashir",125,142,9,1507694
2025-01-09,132,"Mast Magan (From ""2 States"") Arijit Singh, Chinmayi",45,129,135,1503433
2025-01-09,133,"Admirin' You (feat. Preston Pablo) Karan Aujla, Ikky, Preston Pablo",24,107,75,1494808
2025-01-09,134,"Godari Gattu Meedha (From ""Sankranthiki Vasthunam"") Ramana Gogula, Madhupriya, Bheems Ceciroleo, Bhaskarabhatla",134,189,2,1477414
2025-01-09,135,"O Rangrez Shankar-Ehsaan-Loy, Shreya Ghoshal, Javed Bashir, Yusuf Mohammed, Vajid Ali",135,181,10,1474784
2025-01-09,136,G.O.A.T. Diljit Dosanjh,1,127,18,1473311
2025-01-09,137,"Manasilaayo Anirudh Ravichander, Malaysia Vasudevan, Deepthi Suresh, Yugendran Vasudevan",7,67,18,1471784
2025-01-09,138,ANTIDOTE Karan Aujla,32,128,28,1468725
2025-01-09,139,"Kissik (From ""Pushpa 2 The Rule"") [TELUGU] Sublahshini, Devi Sri Prasad, Chandra Bose",30,93,6,1466684
2025-01-09,140,"Jaanam (From ""Bad Newz"") Vishal Mishra",7,167,6,1464288
2025-01-09,141,"Bolna (From ""Kapoor & Sons (Since 1921)"") Tanishk Bagchi, Arijit Singh, Asees Kaur",59,180,64,1459842
2025-01-09,142,"One Of The Girls (with JENNIE, Lily Rose Depp) The Weeknd, JENNIE, Lily-Rose Depp",98,156,53,1456282
2025-01-09,143,"Ishq Di Baajiyaan Shankar-Ehsaan-Loy, Diljit Dosanjh",137,139,5,1448207
2025-01-09,144,"Duniyaa (From ""Luka Chuppi"") Akhil, Dhvani Bhanushali, Kunaal Vermaa, Abhijit Vaghani",1,138,307,1445032
2025-01-09,145,"Teri Deewani Kailash Kher, Paresh Kamath, Naresh Kamath",143,143,4,1436489
2025-01-09,146,"Nain Matakka - From ""Baby John"" Thaman S, Diljit Dosanjh, Dhee, Irshad Kamil",100,100,5,1435905
2025-01-09,147,"Kalank - Title Track Pritam, Arijit Singh",5,151,3,1432933
2025-01-09,148,Knife Brows Dhanda Nyoliwala,80,135,9,1432427
2025-01-09,149,"Hua Main (From ""ANIMAL"") Raghav Chaitanya, Manoj Muntashir, Pritam",6,134,65,1430603
2025-01-09,150,"Pal Javed-Mohsin, Arijit Singh, Shreya Ghoshal, Kunaal Vermaa, Prashant Ingole",34,149,192,1428445
2025-01-09,151,"Phir Bhi Tumko Chaahunga Mithoon, Arijit Singh, Shashaa Tirupati",149,160,16,1427233
2025-01-09,152,"Humnava Mere Jubin Nautiyal, Rocky - Shiv",66,164,19,1420654
2025-01-09,153,Up To U Dhanda Nyoliwala,58,145,9,1416130
2025-01-09,154,"Illuminati Sushin Shyam, Dabzee, Vinayak Sasikumar",3,92,40,1412578
2025-01-09,155,"Phir Aur Kya Chahiye (From ""Zara Hatke Zara Bachke"") Sachin-Jigar, Arijit Singh, Amitabh Bhattacharya",1,190,2,1410204
2025-01-09,156,"Ilahi Pritam, Arijit Singh",156,185,2,1404603
2025-01-09,157,Guzarish Javed Ali,148,154,13,1398296
2025-01-09,158,"Chale Aana (From ""De De Pyaar De"") Amaal Mallik, Armaan Malik, Kunaal Vermaa",18,194,9,1396396
2025-01-09,159,"Channa Ve - From ""Bhoot - Part One: The Haunted Ship"" Mansheel Gujral, Akhil Sachdeva",33,173,4,1394226
2025-01-09,160,"Raabta Pritam, Arijit Singh",41,172,12,1392359
2025-01-09,161,"Phir Mohabbat (From ""Murder 2"") Mohammed Irfan, Arijit Singh, Saim Bhat",135,197,2,1389803
2025-01-09,162,Perfect Ed Sheeran,29,117,247,1385487
2025-01-09,163,"Timeless (feat. Playboi Carti) The Weeknd, Playboi Carti",163,165,3,1372467
2025-01-09,164,"Chahun Main Ya Naa (From ""Aashiqui 2"") Palak Muchhal, Arijit Singh",108,171,60,1363954
2025-01-09,165,Asal Mein Darshan Raval,21,166,98,1362098
2025-01-09,166,"Starboy The Weeknd, Daft Punk",12,163,135,1360666
2025-01-09,167,"Qaafirana Amit Trivedi, Arijit Singh, Nikhita Gandhi",40,187,2,1349943
2025-01-09,168,"Tujhe Bhula Diya Vishal-Shekhar, Mohit Chauhan, Shekhar Ravjiani, Shruti Pathak",94,161,18,1342781
2025-01-09,169,Kabhi Kabhi Aditi Rashid Ali,58,119,53,1341704
2025-01-09,170,"Beete Lamhein (From ""The Train"") KK",75,200,35,1336156
2025-01-09,171,Night Changes One Direction,22,148,189,1336053
2025-01-09,172,"Tenu Sang Rakhna Achint, Arijit Singh, Anumita Nadesan, Varun Grover",102,—,1,1319281
2025-01-09,173,Choo Lo The Local Train,49,152,80,1317365
2025-01-09,174,"Zaalima Arijit Singh, Harshdeep Kaur",78,193,3,1306293
2025-01-09,175,"Mere Liye Tum Kaafi Ho (From ""Shubh Mangal Zyada Saavdhan"") Ayushmann Khurrana, Tanishk-Vayu",11,170,28,1306178
2025-01-09,176,"Kissik (From ""Pushpa 2 The Rule"") [HINDI] Lothika, Sublahshini, Devi Sri Prasad, Raqueeb Alam",122,122,4,1305915
2025-01-09,177,"Aam Jahe Munde Parmish Verma, PARDHAAN, Desi Crew",20,137,78,1305181
2025-01-09,178,"Banjaara (From ""Ek Villain"") Mohammed Irfan",146,—,1,1302677
2025-01-09,179,"2 Khatole Masoom Sharma, Manjeet Mor, Chahal Saab, Vikash Rajana",179,—,1,1302552
2025-01-09,180,"Zara Sa Pritam, KK",33,174,15,1302354
2025-01-09,181,"9:45 Prabh Singh, Jay Trak, Rooh Sandhu",9,146,79,1300376
2025-01-09,182,Alag Aasmaan Anuv Jain,30,178,62,1294130
2025-01-09,183,"Rang Lageya Mohit Chauhan, Rochak Kohli",35,—,1,1283451
2025-01-09,184,"Zihaal e Miskin Javed-Mohsin, Vishal Mishra, Shreya Ghoshal",7,186,12,1281096
2025-01-09,185,"Samjhawan Jawad Ahmad, Shaarib Toshi, Arijit Singh, Shreya Ghoshal",70,199,2,1280590
2025-01-09,186,"Ami Je Tomar 3.0 Amaal Mallik, Shreya Ghoshal, Sameer Anjaan, Pritam",47,140,9,1274958
2025-01-09,187,"Pirai Thedum Saindhavi, G. V. Prakash",107,147,5,1268817
2025-01-09,188,"Piya O Re Piya Atif Aslam, Shreya Ghoshal, Sachin-Jigar",114,—,1,1252420
2025-01-09,189,King Shit Shubh,5,184,53,1247776
2025-01-09,190,"Dil Se Dil Tak (From ""Bawaal"") Akashdeep Sengupta, Laqshay Kapoor, Kausar Munir, Suvarna Tiwari",38,192,5,1246837
2025-01-09,191,La La La Dhanda Nyoliwala,191,—,1,1237325
2025-01-09,192,"Blender Masoom Sharma, Swara Verma, Dev Chouhan, Pooja Saxena",192,—,1,1234979
2025-01-09,193,"NaaNaa Hyraanaa (From ""Game Changer"") (Telugu) Thaman S, Karthik, Shreya Ghoshal, Ramajogayya Sastry",143,—,1,1234908
2025-01-09,194,"Kun Faya Kun A.R. Rahman, Javed Ali, Mohit Chauhan",60,—,1,1230670
2025-01-09,195,Mahiye Jinna Sohna Darshan Raval,2,—,1,1224274
2025-01-09,196,"Tum Tak A.R. Rahman, Javed Ali, KIRTI SAGATHIA, Pooja AV",167,—,1,1224269
2025-01-09,197,Hale Dil Harshit Saxena,98,—,1,1223785
2025-01-09,198,"Sooseki (From ""Pushpa 2 The Rule"") [TELUGU] Shreya Ghoshal, Devi Sri Prasad, Chandra Bose",89,121,6,1222813
2025-01-09,199,Aaj Bhi 2 Vishal Mishra,110,—,1,1217430
2025-01-09,200,"Check It Out Parmish Verma, Paradox",19,175,4,1213910
2025-01-16,1,"Sahiba Jasleen Royal, Stebin Ben, Vijay Deverakonda, Radhikka Madan, Priya Saraiya, Aditya Sharma",1,2,8,8008061
2025-01-16,2,"Ishq Hai Anurag Saikia, Raj Shekhar, Romy, Amarabha Banerjee, Varun Jain, Madhubanti Bagchi, Mismatched - Cast",1,1,5,7391746
2025-01-16,3,Jo Tum Mere Ho Anuv Jain,1,3,23,6412557
2025-01-16,4,"Raanjhan (From ""Do Patti"") Sachet-Parampara, Parampara Tandon, Kausar Munir",2,4,13,6195123
2025-01-16,5,"Die With A Smile Lady Gaga, Bruno Mars",4,5,16,5224560
2025-01-16,6,"Ishq Faheem Abdullah, Rauhan Malik, Amir Ameer",2,6,42,4951070
2025-01-16,7,Millionaire Yo Yo Honey Singh,3,8,20,4196669
2025-01-16,8,"Aaj Ki Raat (From ""Stree 2"") Sachin-Jigar, Madhubanti Bagchi, Divya Kumar, Amitabh Bhattacharya",1,11,25,4167870
2025-01-16,9,Wavy Karan Aujla,4,7,9,4125914
2025-01-16,10,"Apna Bana Le Sachin-Jigar, Arijit Singh, Amitabh Bhattacharya",1,10,64,3775801
2025-01-16,11,"Sajni (From ""Laapataa Ladies"") Ram Sampath, Arijit Singh, Prashant Pandey",1,9,37,3768111
2025-01-16,12,"Jaana Samjho Na (From ""Bhool Bhulaiyaa 3"") Aditya Rikhari, Tulsi Kumar, Lijo George-Dj Chetas",9,12,11,3398211
2025-01-16,13,Russian Bandana Dhanda Nyoliwala,6,15,16,3335686
2025-01-16,14,"Payal Yo Yo Honey Singh, Paradox",14,14,8,3311161
2025-01-16,15,"Tujhe Kitna Chahne Lage (From ""Kabir Singh"") Arijit Singh, Mithoon",2,13,294,3219281
2025-01-16,16,blue yung kai,16,21,6,3183311
2025-01-16,17,"Tum Se Hi Pritam, Mohit Chauhan, Irshad Kamil",14,20,249,3117181
2025-01-16,18,"Softly Karan Aujla, Ikky",4,17,74,3011431
2025-01-16,19,"Tum Se (From ""Teri Baaton Mein Aisa Uljha Jiya"") Sachin-Jigar, Raghav Chaitanya, Varun Jain, Indraneel",10,24,47,3004536
2025-01-16,20,Husn Anuv Jain,1,19,59,2998411
2025-01-16,21,"APT. ROSÉ, Bruno Mars",13,16,13,2947332
2025-01-16,22,"Chuttamalle (From ""Devara Part 1"") Shilpa Rao, Anirudh Ravichander, Ramajogayya Sastry",4,27,24,2882010
2025-01-16,23,"Satranga (From ""ANIMAL"") Arijit Singh, Shreyas Puranik, Siddharth - Garima",2,18,64,2816256
2025-01-16,24,"Ye Tune Kya Kiya Pritam, Javed Bashir",24,32,41,2765690
2025-01-16,25,"Sang Rahiyo (feat. Ujjwal Kashyap) Jasleen Royal, Ujjwal Kashyap",21,25,44,2721516
2025-01-16,26,"Pehle Bhi Main Vishal Mishra, Raj Shekhar",1,22,59,2720843
2025-01-16,27,"Dekhha Tenu (From ""Mr. And Mrs. Mahi"") Mohammad Faiz, Jaani",2,26,35,2686428
2025-01-16,28,"Aayi Nai (From ""Stree 2"") Sachin-Jigar, Pawan Singh, Simran Choudhary, Divya Kumar, Amitabh Bhattacharya",2,34,23,2678346
2025-01-16,29,Tauba Tauba Karan Aujla,1,29,28,2673353
2025-01-16,30,"Humdard (From ""Ek Villain"") Arijit Singh",24,31,136,2651498
2025-01-16,31,"Mere Sohneya (From ""Kabir Singh"") Sachet Tandon, Parampara Tandon, Sachet-Parampara",4,33,104,2549625
2025-01-16,32,"O Maahi Pritam, Arijit Singh, Irshad Kamil",4,38,57,2535684
2025-01-16,33,Born to Shine Diljit Dosanjh,14,28,46,2515816
2025-01-16,34,"Tainu Khabar Nahi - From ""Munjya"" Sachin-Jigar, Arijit Singh",17,35,31,2500884
2025-01-16,35,"Naina (From ""Crew"") Diljit Dosanjh, Badshah, Raj Ranjodh",3,37,45,2432760
2025-01-16,36,"Subhanallah Pritam, Sreeram, Shilpa Rao",36,49,26,2397475
2025-01-16,37,"Ajab Si Vishal-Shekhar, KK",23,23,126,2374676
2025-01-16,38,Baarishein Anuv Jain,16,39,152,2355822
2025-01-16,39,"Maiyya Sachet-Parampara, Sachet Tandon, Parampara Tandon, Kausar Munir",39,46,6,2348876
2025-01-16,40,"Tera Hone Laga Hoon Atif Aslam, Alisha Chinai, Pritam",33,43,192,2326202
2025-01-16,41,"Mera Mann Juss, MixSingh",12,30,6,2325350
2025-01-16,42,"Heeriye (feat. Arijit Singh) Jasleen Royal, Arijit Singh, Dulquer Salmaan",1,44,77,2304236
2025-01-16,43,"Jeena Jeena Sachin-Jigar, Atif Aslam",29,42,51,2284641
2025-01-16,44,"Khoobsurat (From ""Stree 2"") Sachin-Jigar, Vishal Mishra, Amitabh Bhattacharya",5,48,22,2270749
2025-01-16,45,Tu hai kahan AUR,1,40,66,2265110
2025-01-16,46,"Ranjha (From ""Shershaah"") Jasleen Royal, B Praak, Romy",1,56,180,2245189
2025-01-16,47,"Suniyan Suniyan Juss, MixSingh",3,41,35,2241435
2025-01-16,48,"Victory Anthem Khushi TDT, Lash curry, Audiocrackerr",17,45,10,2225756
2025-01-16,49,"Saibo Sachin-Jigar, Shreya Ghoshal, Tochi Raina",31,50,214,2214769
2025-01-16,50,"Kaise Hua (From ""Kabir Singh"") Vishal Mishra, Manoj Muntashir",5,52,292,2176033
2025-01-16,51,"O Saathi Atif Aslam, Arko",47,47,66,2129275
2025-01-16,52,"Humsafar (From ""Badrinath Ki Dulhania"") Akhil Sachdeva, Mansheel Gujral",52,57,11,2125638
2025-01-16,53,"Akhiyaan Gulaab (From ""Teri Baaton Mein Aisa Uljha Jiya"") Mitraz",2,51,51,2124969
2025-01-16,54,"Godari Gattu Meedha (From ""Sankranthiki Vasthunam"") Ramana Gogula, Madhupriya, Bheems Ceciroleo, Bhaskarabhatla",54,134,3,2116934
2025-01-16,55,One Love Shubh,3,53,74,2115017
2025-01-16,56,"Peelings (From ""Pushpa 2 The Rule"") [TELUGU] Shankarr Babu Kandukoori, Laxmi Dasa, Devi Sri Prasad, Chandra Bose, Siju Thuravoor",19,59,6,2090175
2025-01-16,57,"Jhol Maanu, Annural Khalid",57,82,5,2081239
2025-01-16,58,Desi Kalakaar Yo Yo Honey Singh,13,66,23,2036547
2025-01-16,59,"Aaye Haaye (Feat. Nora Fatehi) Karan Aujla, Neha Kakkar, Jay Trak",32,36,6,2034638
2025-01-16,60,"Tera Ban Jaunga (From ""Kabir Singh"") Akhil Sachdeva, Tulsi Kumar",4,60,71,2032867
2025-01-16,61,"Agar Tum Saath Ho (From ""Tamasha"") Alka Yagnik, Arijit Singh",4,61,285,2030727
2025-01-16,62,"Kho Gaye Taaruk Raina, Mismatched - Cast",8,62,4,2023661
2025-01-16,63,"Tum Hi Ho Mithoon, Arijit Singh",42,63,207,2015295
2025-01-16,64,Dil Diyan Gallan Atif Aslam,53,68,114,2013270
2025-01-16,65,"White Brown Black Avvy Sra, Karan Aujla, Jaani",29,64,109,2009060
2025-01-16,66,"Janiye (from the Netflix Film ""Chor Nikal Ke Bhaga"") Vishal Mishra, Rashmeet Kaur",5,93,80,2000012
2025-01-16,67,Shree Hanuman Chalisa Hariharan,39,54,119,1998364
2025-01-16,68,"Tumhare Hi Rahenge Hum (From ""Stree 2"") Sachin-Jigar, Varun Jain, Shilpa Rao, Amitabh Bhattacharya",8,55,22,1987303
2025-01-16,69,"Excuses AP Dhillon, Gurinder Gill, Intense",1,71,169,1966488
2025-01-16,70,Bandana Shubh,8,65,42,1965337
2025-01-16,71,"Shayad Pritam, Arijit Singh",1,72,261,1923223
2025-01-16,72,"Ishq Sufiyana (Male) Vishal-Shekhar, Kamal Khan",72,80,6,1905680
2025-01-16,73,"Haan Ke Haan Sohail Sen, Monali Thakur, Kausar Munir",9,67,24,1901751
2025-01-16,74,"Soch Na Sake Amaal Mallik, Arijit Singh, Tulsi Kumar",46,74,77,1888922
2025-01-16,75,"Pehli Dafa Atif Aslam, Shiraz Uppal",73,73,54,1888700
2025-01-16,76,"Aasa Kooda - From ""Think Indie"" Sai Abhyankkar, Sai Smriti",3,83,30,1878466
2025-01-16,77,"Bujji Thalli (From ""Thandel"") Devi Sri Prasad, Javed Ali, Shree Mani",77,105,7,1876496
2025-01-16,78,Maula Mere Maula Roop Kumar Rathod,78,98,22,1844096
2025-01-16,79,Maiyya Mainu Sachet Tandon,5,69,22,1832536
2025-01-16,80,"Soulmate Badshah, Arijit Singh",2,90,43,1831537
2025-01-16,81,Cheques Shubh,1,75,86,1824990
2025-01-16,82,"Departure Lane Talha Anjum, Umair",82,124,2,1805075
2025-01-16,83,Samjho Na Aditya Rikhari,23,70,83,1801290
2025-01-16,84,"Morni Badshah, Sharvi Yadav, Hiten",33,58,8,1799521
2025-01-16,85,"Tu Hain Toh (From ""Mr. And Mrs. Mahi"") Bunny, Hunny, Sagar",8,77,30,1790314
2025-01-16,86,Blue Eyes Yo Yo Honey Singh,38,76,20,1764543
2025-01-16,87,"O Meri Laila Atif Aslam, Jyotica Tangri",16,86,23,1762135
2025-01-16,88,Tere Bina Na Guzara E Josh Brar,19,81,14,1739165
2025-01-16,89,"Kesariya Pritam, Arijit Singh, Amitabh Bhattacharya",1,87,131,1738823
2025-01-16,90,Mann Mera Gajendra Verma,26,84,62,1727265
2025-01-16,91,"Malang Sajna Sachet Tandon, Parampara Tandon, Kumaar, Sachet-Parampara",4,117,104,1700169
2025-01-16,92,"Jeene Laga Hoon Atif Aslam, Shreya Ghoshal, Sachin-Jigar",62,95,15,1692427
2025-01-16,93,"Ve Kamleya (From ""Rocky Aur Rani Kii Prem Kahaani"") Pritam, Arijit Singh, Shreya Ghoshal, Shadab Faridi, Altamash Faridi, Amitabh Bhattacharya",15,79,64,1688953
2025-01-16,94,Old Money AP Dhillon,13,92,22,1685352
2025-01-16,95,Tera Fitoor Arijit Singh,61,100,3,1681574
2025-01-16,96,"AANKH Sunidhi Chauhan, Rusha & Blizza",96,103,4,1681055
2025-01-16,97,"Pee Loon Pritam, Mohit Chauhan, Irshad Kamil",37,110,47,1674223
2025-01-16,98,"Tenu Sang Rakhna Achint, Arijit Singh, Anumita Nadesan, Varun Grover",98,172,2,1671544
2025-01-16,99,Love Dose Yo Yo Honey Singh,32,78,20,1669972
2025-01-16,100,"Soni Soni (From ""Ishq Vishk Rebound"") Darshan Raval, Jonita Gandhi, Rochak Kohli, Gurpreet Saini",4,91,33,1669955
2025-01-16,101,"Tere Bina A.R. Rahman, Chinmayi, Murtuza Khan, Qadir Khan",97,97,21,1669927
2025-01-16,102,Manjha Vishal Mishra,16,129,97,1666457
2025-01-16,103,"Dil Tu Jaan Tu Gurnazar, Chet Singh",14,102,25,1664853
2025-01-16,104,"Manasilaayo Anirudh Ravichander, Malaysia Vasudevan, Deepthi Suresh, Yugendran Vasudevan",7,137,19,1664663
2025-01-16,105,"Hamari Adhuri Kahani (Title Track) Jeet Gannguli, Arijit Singh",56,99,126,1662292
2025-01-16,106,"Hey Minnale G. V. Prakash, Haricharan, Shweta Mohan, Karthik Netha",10,123,14,1662137
2025-01-16,107,"God Damn Badshah, Karan Aujla, Hiten",15,112,43,1656414
2025-01-16,108,"Kabira Pritam, Tochi Raina, Rekha Bhardwaj",31,114,249,1656124
2025-01-16,109,"Zaroor Aparshakti Khurana, Savi Kahlon",13,85,24,1653585
2025-01-16,110,"Hawayein Pritam, Arijit Singh",51,88,97,1637297
2025-01-16,111,"Tu Jaane Na Atif Aslam, Pritam",71,118,51,1621875
2025-01-16,112,"Saiyyan Kailash Kher, Paresh Kamath, Naresh Kamath",101,101,27,1621847
2025-01-16,113,"Ilahi Pritam, Arijit Singh",113,156,3,1620877
2025-01-16,114,"Ishq Di Baajiyaan Shankar-Ehsaan-Loy, Diljit Dosanjh",114,143,6,1620768
2025-01-16,115,La La La Dhanda Nyoliwala,115,191,2,1610960
2025-01-16,116,"Chaleya Anirudh Ravichander, Arijit Singh, Shilpa Rao, Kumaar",1,115,75,1609345
2025-01-16,117,"Ae Dil Hai Mushkil Title Track Pritam, Arijit Singh",79,108,125,1595696
2025-01-16,118,"Mitwa Shankar-Ehsaan-Loy, Shankar Mahadevan, Caralisa Monteiro, Shafqat Amanat Ali",106,106,12,1595305
2025-01-16,119,"Kasturi (From ""Amar Prem Ki Prem Kahani"") Arijit Singh, Prasad S, Kunaal Vermaa",65,111,13,1594019
2025-01-16,120,"Tum Kya Mile (From ""Rocky Aur Rani Kii Prem Kahaani"") Pritam, Arijit Singh, Shreya Ghoshal, Amitabh Bhattacharya",9,125,81,1590024
2025-01-16,121,"Ve Haaniyaan Danny, Avvy Sra, Sagar",10,96,50,1584351
2025-01-16,122,"Mast Magan (From ""2 States"") Arijit Singh, Chinmayi",45,132,136,1583198
2025-01-16,123,"Kinni Kinni Diljit Dosanjh, thiarajxtt",24,94,62,1577900
2025-01-16,124,"Chale Aana (From ""De De Pyaar De"") Amaal Mallik, Armaan Malik, Kunaal Vermaa",18,158,10,1576087
2025-01-16,125,"Hasi - Male Version Ami Mishra, Kunaal Vermaa",77,107,81,1572199
2025-01-16,126,"O Rangrez Shankar-Ehsaan-Loy, Shreya Ghoshal, Javed Bashir, Yusuf Mohammed, Vajid Ali",126,135,11,1571415
2025-01-16,127,"Kissik (From ""Pushpa 2 The Rule"") [TELUGU] Sublahshini, Devi Sri Prasad, Chandra Bose",30,139,7,1568205
2025-01-16,128,"Taras - From ""Munjya"" Sachin-Jigar, Jasmine Sandlas, Amitabh Bhattacharya",38,116,31,1561561
2025-01-16,129,"Mere Mehboob Sachin-Jigar, Shilpa Rao, Sachet Tandon, Priya Saraiya",29,89,15,1559459
2025-01-16,130,"Illuminati Sushin Shyam, Dabzee, Vinayak Sasikumar",3,154,41,1541561
2025-01-16,131,I Wanna Be Yours Arctic Monkeys,48,121,114,1537153
2025-01-16,132,Kahani Suno 2.0 Kaifi Khalil,1,119,109,1531968
2025-01-16,133,"Tere Sang Yaara Atif Aslam, Manoj Muntashir",125,131,10,1529087
2025-01-16,134,"Phir Aur Kya Chahiye (From ""Zara Hatke Zara Bachke"") Sachin-Jigar, Arijit Singh, Amitabh Bhattacharya",1,155,3,1526580
2025-01-16,135,"Pani Da Rang - Male Vocals Ayushmann Khurrana, Rochak Kohli",68,128,8,1521708
2025-01-16,136,Maan Meri Jaan King,1,130,118,1521180
2025-01-16,137,"Winning Speech Karan Aujla, Mxrci",8,104,35,1520183
2025-01-16,138,Knife Brows Dhanda Nyoliwala,80,148,10,1518063
2025-01-16,139,"Phir Mohabbat (From ""Murder 2"") Mohammed Irfan, Arijit Singh, Saim Bhat",135,161,3,1510242
2025-01-16,140,Lemonade Diljit Dosanjh,26,109,124,1497393
2025-01-16,141,"Phir Bhi Tumko Chaahunga Mithoon, Arijit Singh, Shashaa Tirupati",141,151,17,1495578
2025-01-16,142,"Pal Javed-Mohsin, Arijit Singh, Shreya Ghoshal, Kunaal Vermaa, Prashant Ingole",34,150,193,1480774
2025-01-16,143,Nazm Nazm Arko,106,122,6,1470616
2025-01-16,144,"Admirin' You (feat. Preston Pablo) Karan Aujla, Ikky, Preston Pablo",24,133,76,1470407
2025-01-16,145,Espresso Sabrina Carpenter,26,113,38,1462551
2025-01-16,146,"One Of The Girls (with JENNIE, Lily Rose Depp) The Weeknd, JENNIE, Lily-Rose Depp",98,142,54,1462125
2025-01-16,147,"Kalank - Title Track Pritam, Arijit Singh",5,147,4,1459501
2025-01-16,148,"Lalkara Diljit Dosanjh, Intense, Sultaan",22,126,67,1457859
2025-01-16,149,"Humnava Mere Jubin Nautiyal, Rocky - Shiv",66,152,20,1453827
2025-01-16,150,"Teri Deewani Kailash Kher, Paresh Kamath, Naresh Kamath",143,145,5,1442156
2025-01-16,151,"2 Khatole Masoom Sharma, Manjeet Mor, Chahal Saab, Vikash Rajana",151,179,2,1439419
2025-01-16,152,"Bolna (From ""Kapoor & Sons (Since 1921)"") Tanishk Bagchi, Arijit Singh, Asees Kaur",59,141,65,1437991
2025-01-16,153,"Main Rang Sharbaton Ka Atif Aslam, Chinmayi, Pritam",73,120,3,1419669
2025-01-16,154,"Raabta Pritam, Arijit Singh",41,160,13,1410973
2025-01-16,155,"NaaNaa Hyraanaa Thaman S, Karthik, Shreya Ghoshal, Saraswati Putra Ramajogayya Sastry",143,193,2,1410971
2025-01-16,156,ANTIDOTE Karan Aujla,32,138,29,1408727
2025-01-16,157,G.O.A.T. Diljit Dosanjh,1,136,19,1403879
2025-01-16,158,"Tu Ru Ruu Harrdy Sandhu, Bunny, Sagar",158,—,1,1402766
2025-01-16,159,"Hua Main (From ""ANIMAL"") Raghav Chaitanya, Manoj Muntashir, Pritam",6,149,66,1396571
2025-01-16,160,"Banjaara (From ""Ek Villain"") Mohammed Irfan",146,178,2,1390224
2025-01-16,161,"Zaalima Arijit Singh, Harshdeep Kaur",78,174,4,1389515
2025-01-16,162,"Zara Sa Pritam, KK",33,180,16,1387529
2025-01-16,163,"Jaanam (From ""Bad Newz"") Vishal Mishra",7,140,7,1386309
2025-01-16,164,"Piya O Re Piya Atif Aslam, Shreya Ghoshal, Sachin-Jigar",114,188,2,1385229
2025-01-16,165,"Tujhe Bhula Diya Vishal-Shekhar, Mohit Chauhan, Shekhar Ravjiani, Shruti Pathak",94,168,19,1383124
2025-01-16,166,Perfect Ed Sheeran,29,162,248,1382216
2025-01-16,167,"Timeless (feat. Playboi Carti) The Weeknd, Playboi Carti",163,163,4,1378168
2025-01-16,168,"Chahun Main Ya Naa (From ""Aashiqui 2"") Palak Muchhal, Arijit Singh",108,164,61,1376967
2025-01-16,169,Asal Mein Darshan Raval,21,165,99,1362904
2025-01-16,170,"Sooseki (From ""Pushpa 2 The Rule"") [TELUGU] Shreya Ghoshal, Devi Sri Prasad, Chandra Bose",89,198,7,1361392
2025-01-16,171,Guzarish Javed Ali,148,157,14,1354871
2025-01-16,172,"Khuda Jaane Vishal-Shekhar, KK, Shilpa Rao, Anvita Dutt Guptan",37,127,87,1350380
2025-01-16,173,"Ahista Ahista Kazinama, Musarrat Nazir",173,—,1,1348949
2025-01-16,174,Up To U Dhanda Nyoliwala,58,153,10,1346472
2025-01-16,175,"Tere Naina Shankar-Ehsaan-Loy, Shafqat Amanat Ali",175,—,1,1332531
2025-01-16,176,"Starboy The Weeknd, Daft Punk",12,166,136,1329652
2025-01-16,177,"Samjhawan Jawad Ahmad, Shaarib Toshi, Arijit Singh, Shreya Ghoshal",70,185,3,1327894
2025-01-16,178,"Beete Lamhein (From ""The Train"") KK",75,170,36,1319793
2025-01-16,179,"Dil Se Dil Tak (From ""Bawaal"") Akashdeep Sengupta, Laqshay Kapoor, Kausar Munir, Suvarna Tiwari",38,190,6,1319540
2025-01-16,180,Mahiye Jinna Sohna Darshan Raval,2,195,2,1317706
2025-01-16,181,"Kissik (From ""Pushpa 2 The Rule"") [HINDI] Lothika, Sublahshini, Devi Sri Prasad, Raqueeb Alam",122,176,5,1317533
2025-01-16,182,"Duniyaa (From ""Luka Chuppi"") Akhil, Dhvani Bhanushali, Kunaal Vermaa, Abhijit Vaghani",1,144,308,1307622
2025-01-16,183,Hale Dil Harshit Saxena,98,197,2,1301748
2025-01-16,184,"Ayudha Pooja [TELUGU] Kala Bhairava, Anirudh Ravichander, Ramajogayya Sastry",50,—,1,1297230
2025-01-16,185,Kabhi Kabhi Aditi Rashid Ali,58,169,54,1291233
2025-01-16,186,King Shit Shubh,5,189,54,1287079
2025-01-16,187,"Zihaal e Miskin Javed-Mohsin, Vishal Mishra, Shreya Ghoshal",7,184,13,1286167
2025-01-16,188,"9:45 Prabh Singh, Jay Trak, Rooh Sandhu",9,181,80,1284706
2025-01-16,189,"Kun Faya Kun A.R. Rahman, Javed Ali, Mohit Chauhan",60,194,2,1283982
2025-01-16,190,Night Changes One Direction,22,171,190,1283264
2025-01-16,191,Choo Lo The Local Train,49,173,81,1281637
2025-01-16,192,"52 Bars Karan Aujla, Ikky",12,—,1,1267483
2025-01-16,193,"Qaafirana Amit Trivedi, Arijit Singh, Nikhita Gandhi",40,167,3,1265757
2025-01-16,194,"Blender Masoom Sharma, Swara Verma, Dev Chouhan, Pooja Saxena",192,192,2,1265021
2025-01-16,195,"Nain Matakka - From ""Baby John"" Thaman S, Diljit Dosanjh, Dhee, Irshad Kamil",100,146,6,1263455
2025-01-16,196,"Teri Baaton Mein Aisa Uljha Jiya Title Song (From ""Teri Baaton Mein Aisa Uljha Jiya"") Raghav, Tanishk Bagchi, Asees Kaur",5,—,1,1255822
2025-01-16,197,"Check It Out Parmish Verma, Paradox",19,200,5,1251720
2025-01-16,198,Alag Aasmaan Anuv Jain,30,182,63,1251595
2025-01-16,199,"Channa Ve - From ""Bhoot - Part One: The Haunted Ship"" Mansheel Gujral, Akhil Sachdeva",33,159,5,1245181
2025-01-16,200,"Sawadeeka (From ""Vidaamuyarchi"") Anirudh Ravichander, Anthony Daasan, Arivu",200,—,1,1244838
2025-01-23,1,"Sahiba Jasleen Royal, Stebin Ben, Vijay Deverakonda, Radhikka Madan, Priya Saraiya, Aditya Sharma",1,1,9,7586260
2025-01-23,2,"Ishq Hai Anurag Saikia, Raj Shekhar, Romy, Amarabha Banerjee, Varun Jain, Madhubanti Bagchi, Mismatched - Cast",1,2,6,7181878
2025-01-23,3,"Raanjhan (From ""Do Patti"") Sachet-Parampara, Parampara Tandon, Kausar Munir",2,4,14,6386281
2025-01-23,4,Jo Tum Mere Ho Anuv Jain,1,3,24,6017678
2025-01-23,5,"Die With A Smile Lady Gaga, Bruno Mars",4,5,17,5035845
2025-01-23,6,"Ishq Faheem Abdullah, Rauhan Malik, Amir Ameer",2,6,43,4830296
2025-01-23,7,Wavy Karan Aujla,4,9,10,4045336
2025-01-23,8,"Aaj Ki Raat (From ""Stree 2"") Sachin-Jigar, Madhubanti Bagchi, Divya Kumar, Amitabh Bhattacharya",1,8,26,3966573
2025-01-23,9,Millionaire Yo Yo Honey Singh,3,7,21,3866175
2025-01-23,10,"Sajni (From ""Laapataa Ladies"") Ram Sampath, Arijit Singh, Prashant Pandey",1,11,38,3692016
2025-01-23,11,"Apna Bana Le Sachin-Jigar, Arijit Singh, Amitabh Bhattacharya",1,10,65,3592718
2025-01-23,12,"Tujhe Kitna Chahne Lage (From ""Kabir Singh"") Arijit Singh, Mithoon",2,15,295,3304655
2025-01-23,13,"Tum Se Hi Pritam, Mohit Chauhan, Irshad Kamil",13,17,250,3255190
2025-01-23,14,Russian Bandana Dhanda Nyoliwala,6,13,17,3239254
2025-01-23,15,"Payal Yo Yo Honey Singh, Paradox",14,14,9,3206226
2025-01-23,16,"Jaana Samjho Na (From ""Bhool Bhulaiyaa 3"") Aditya Rikhari, Tulsi Kumar, Lijo George-Dj Chetas",9,12,12,3146609
2025-01-23,17,"Tum Se (From ""Teri Baaton Mein Aisa Uljha Jiya"") Sachin-Jigar, Raghav Chaitanya, Varun Jain, Indraneel",10,19,48,3018473
2025-01-23,18,blue yung kai,16,16,7,2962617
2025-01-23,19,"Ye Tune Kya Kiya Pritam, Javed Bashir",19,24,42,2949969
2025-01-23,20,Husn Anuv Jain,1,20,60,2769525
2025-01-23,21,"Softly Karan Aujla, Ikky",4,18,75,2754419
2025-01-23,22,"Satranga (From ""ANIMAL"") Arijit Singh, Shreyas Puranik, Siddharth - Garima",2,23,65,2702082
2025-01-23,23,"Sang Rahiyo (feat. Ujjwal Kashyap) Jasleen Royal, Ujjwal Kashyap",21,25,45,2675213
2025-01-23,24,"Humdard (From ""Ek Villain"") Arijit Singh",24,30,137,2673578
2025-01-23,25,"Pehle Bhi Main Vishal Mishra, Raj Shekhar",1,26,60,2651569
2025-01-23,26,"Tainu Khabar Nahi - From ""Munjya"" Sachin-Jigar, Arijit Singh",17,34,32,2607718
2025-01-23,27,"Chuttamalle (From ""Devara Part 1"") Shilpa Rao, Anirudh Ravichander, Ramajogayya Sastry",4,22,25,2590393
2025-01-23,28,"Dekhha Tenu (From ""Mr. And Mrs. Mahi"") Mohammad Faiz, Jaani",2,27,36,2581317
2025-01-23,29,"Ajab Si Vishal-Shekhar, KK",23,37,127,2522673
2025-01-23,30,"Mere Sohneya (From ""Kabir Singh"") Sachet Tandon, Parampara Tandon, Sachet-Parampara",4,31,105,2517168
2025-01-23,31,"APT. ROSÉ, Bruno Mars",13,21,14,2489539
2025-01-23,32,"O Maahi Pritam, Arijit Singh, Irshad Kamil",4,32,58,2476847
2025-01-23,33,Tauba Tauba Karan Aujla,1,29,29,2464187
2025-01-23,34,"Subhanallah Pritam, Sreeram, Shilpa Rao",34,36,27,2462402
2025-01-23,35,"Naina (From ""Crew"") Diljit Dosanjh, Badshah, Raj Ranjodh",3,35,46,2456127
2025-01-23,36,"Aayi Nai (From ""Stree 2"") Sachin-Jigar, Pawan Singh, Simran Choudhary, Divya Kumar, Amitabh Bhattacharya",2,28,24,2396729
2025-01-23,37,"Jhol Maanu, Annural Khalid",37,57,6,2386038
2025-01-23,38,"Jeena Jeena Sachin-Jigar, Atif Aslam",29,43,52,2379477
2025-01-23,39,"Tera Hone Laga Hoon Atif Aslam, Alisha Chinai, Pritam",33,40,193,2352960
2025-01-23,40,"Godari Gattu Meedha (From ""Sankranthiki Vasthunam"") Ramana Gogula, Madhupriya, Bheems Ceciroleo, Bhaskarabhatla",40,54,4,2350490
2025-01-23,41,"Khoobsurat (From ""Stree 2"") Sachin-Jigar, Vishal Mishra, Amitabh Bhattacharya",5,44,23,2324909
2025-01-23,42,Tu hai kahan AUR,1,45,67,2268094
2025-01-23,43,Baarishein Anuv Jain,16,38,153,2253872
2025-01-23,44,"Saibo Sachin-Jigar, Shreya Ghoshal, Tochi Raina",31,49,215,2245480
2025-01-23,45,"Heeriye (feat. Arijit Singh) Jasleen Royal, Arijit Singh, Dulquer Salmaan",1,42,78,2233364
2025-01-23,46,"O Saathi Atif Aslam, Arko",46,51,67,2231003
2025-01-23,47,Born to Shine Diljit Dosanjh,14,33,47,2186045
2025-01-23,48,"Tumhare Hi Rahenge Hum (From ""Stree 2"") Sachin-Jigar, Varun Jain, Shilpa Rao, Amitabh Bhattacharya",8,68,23,2183670
2025-01-23,49,"Suniyan Suniyan Juss, MixSingh",3,47,36,2170765
2025-01-23,50,"Agar Tum Saath Ho (From ""Tamasha"") Alka Yagnik, Arijit Singh",4,61,286,2162840
2025-01-23,51,"Mera Mann Juss, MixSingh",12,41,7,2153301
2025-01-23,52,"Maiyya Sachet-Parampara, Sachet Tandon, Parampara Tandon, Kausar Munir",39,39,7,2137099
2025-01-23,53,"Ranjha (From ""Shershaah"") Jasleen Royal, B Praak, Romy",1,46,181,2133055
2025-01-23,54,"Humsafar (From ""Badrinath Ki Dulhania"") Akhil Sachdeva, Mansheel Gujral",52,52,12,2111629
2025-01-23,55,"Kaise Hua (From ""Kabir Singh"") Vishal Mishra, Manoj Muntashir",5,50,293,2087031
2025-01-23,56,Shree Hanuman Chalisa Hariharan,39,67,120,2081830
2025-01-23,57,"Tera Ban Jaunga (From ""Kabir Singh"") Akhil Sachdeva, Tulsi Kumar",4,60,72,2041825
2025-01-23,58,"Akhiyaan Gulaab (From ""Teri Baaton Mein Aisa Uljha Jiya"") Mitraz",2,53,52,2039634
2025-01-23,59,"Ishq Sufiyana (Male) Vishal-Shekhar, Kamal Khan",59,72,7,2029230
2025-01-23,60,Dil Diyan Gallan Atif Aslam,53,64,115,2018669
2025-01-23,61,"Tum Hi Ho Mithoon, Arijit Singh",42,63,208,2007570
2025-01-23,62,"Victory Anthem Khushi TDT, Lash curry, Audiocrackerr",17,48,11,1986370
2025-01-23,63,Desi Kalakaar Yo Yo Honey Singh,13,58,24,1977955
2025-01-23,64,"Janiye (from the Netflix Film ""Chor Nikal Ke Bhaga"") Vishal Mishra, Rashmeet Kaur",5,66,81,1946203
2025-01-23,65,"Soch Na Sake Amaal Mallik, Arijit Singh, Tulsi Kumar",46,74,78,1942130
2025-01-23,66,"AANKH Sunidhi Chauhan, Rusha & Blizza",66,96,5,1934635
2025-01-23,67,One Love Shubh,3,55,75,1929242
2025-01-23,68,"Departure Lane Talha Anjum, Umair",68,82,3,1906748
2025-01-23,69,"Pehli Dafa Atif Aslam, Shiraz Uppal",69,75,55,1903145
2025-01-23,70,"Excuses AP Dhillon, Gurinder Gill, Intense",1,69,170,1895544
2025-01-23,71,"Haan Ke Haan Sohail Sen, Monali Thakur, Kausar Munir",9,73,25,1893241
2025-01-23,72,"White Brown Black Avvy Sra, Karan Aujla, Jaani",29,65,110,1874820
2025-01-23,73,"Ahista Ahista Kazinama, Musarrat Nazir",73,173,2,1873635
2025-01-23,74,Bandana Shubh,8,70,43,1872961
2025-01-23,75,Maula Mere Maula Roop Kumar Rathod,75,78,23,1872436
2025-01-23,76,"Shayad Pritam, Arijit Singh",1,71,262,1860385
2025-01-23,77,"Aaye Haaye (Feat. Nora Fatehi) Karan Aujla, Neha Kakkar, Jay Trak",32,59,7,1842045
2025-01-23,78,"Bujji Thalli (From ""Thandel"") Devi Sri Prasad, Javed Ali, Shree Mani",77,77,8,1820927
2025-01-23,79,Mann Mera Gajendra Verma,26,90,63,1797998
2025-01-23,80,"O Rangrez Shankar-Ehsaan-Loy, Shreya Ghoshal, Javed Bashir, Yusuf Mohammed, Vajid Ali",80,126,12,1794977
2025-01-23,81,"Kho Gaye Taaruk Raina, Mismatched - Cast",8,62,5,1789605
2025-01-23,82,La La La Dhanda Nyoliwala,82,115,3,1777847
2025-01-23,83,"Saiyyan Kailash Kher, Paresh Kamath, Naresh Kamath",83,112,28,1776429
2025-01-23,84,Maiyya Mainu Sachet Tandon,5,79,23,1775327
2025-01-23,85,"Tu Hain Toh (From ""Mr. And Mrs. Mahi"") Bunny, Hunny, Sagar",8,85,31,1767277
2025-01-23,86,"Peelings (From ""Pushpa 2 The Rule"") [TELUGU] Shankarr Babu Kandukoori, Laxmi Dasa, Devi Sri Prasad, Chandra Bose, Siju Thuravoor",19,56,7,1760890
2025-01-23,87,"O Meri Laila Atif Aslam, Jyotica Tangri",16,87,24,1758473
2025-01-23,88,"Teri Deewani Kailash Kher, Paresh Kamath, Naresh Kamath",88,150,6,1747403
2025-01-23,89,"Morni Badshah, Sharvi Yadav, Hiten",33,84,9,1744146
2025-01-23,90,Tere Bina Na Guzara E Josh Brar,19,88,15,1741622
2025-01-23,91,"Jeene Laga Hoon Atif Aslam, Shreya Ghoshal, Sachin-Jigar",62,92,16,1736525
2025-01-23,92,"Ve Kamleya (From ""Rocky Aur Rani Kii Prem Kahaani"") Pritam, Arijit Singh, Shreya Ghoshal, Shadab Faridi, Altamash Faridi, Amitabh Bhattacharya",15,93,65,1736041
2025-01-23,93,Cheques Shubh,1,81,87,1734249
2025-01-23,94,"Tenu Sang Rakhna Achint, Arijit Singh, Anumita Nadesan, Varun Grover",94,98,3,1729214
2025-01-23,95,"Soulmate Badshah, Arijit Singh",2,80,44,1721085
2025-01-23,96,"Hamari Adhuri Kahani (Title Track) Jeet Gannguli, Arijit Singh",56,105,127,1711663
2025-01-23,97,"Tere Bina A.R. Rahman, Chinmayi, Murtuza Khan, Qadir Khan",97,101,22,1711548
2025-01-23,98,"Aasa Kooda - From ""Think Indie"" Sai Abhyankkar, Sai Smriti",3,76,31,1704617
2025-01-23,99,"Pee Loon Pritam, Mohit Chauhan, Irshad Kamil",37,97,48,1699797
2025-01-23,100,"Hawayein Pritam, Arijit Singh",51,110,98,1693943
2025-01-23,101,"Tu Jaane Na Atif Aslam, Pritam",71,111,52,1691264
2025-01-23,102,"Hasi - Male Version Ami Mishra, Kunaal Vermaa",77,125,82,1689694
2025-01-23,103,"Kabira Pritam, Tochi Raina, Rekha Bhardwaj",31,108,250,1679701
2025-01-23,104,"Soni Soni (From ""Ishq Vishk Rebound"") Darshan Raval, Jonita Gandhi, Rochak Kohli, Gurpreet Saini",4,100,34,1677258
2025-01-23,105,Samjho Na Aditya Rikhari,23,83,84,1675495
2025-01-23,106,Tera Fitoor Arijit Singh,61,95,4,1671587
2025-01-23,107,"Kesariya Pritam, Arijit Singh, Amitabh Bhattacharya",1,89,132,1668183
2025-01-23,108,"God Damn Badshah, Karan Aujla, Hiten",15,107,44,1665979
2025-01-23,109,"Pani Da Rang - Male Vocals Ayushmann Khurrana, Rochak Kohli",68,135,9,1664755
2025-01-23,110,"Chale Aana (From ""De De Pyaar De"") Amaal Mallik, Armaan Malik, Kunaal Vermaa",18,124,11,1664074
2025-01-23,111,"Dil Tu Jaan Tu Gurnazar, Chet Singh",14,103,26,1644565
2025-01-23,112,"Mitwa Shankar-Ehsaan-Loy, Shankar Mahadevan, Caralisa Monteiro, Shafqat Amanat Ali",106,118,13,1642397
2025-01-23,113,"Ae Dil Hai Mushkil Title Track Pritam, Arijit Singh",79,117,126,1640370
2025-01-23,114,Love Dose Yo Yo Honey Singh,32,99,21,1625646
2025-01-23,115,"Chaleya Anirudh Ravichander, Arijit Singh, Shilpa Rao, Kumaar",1,116,76,1621261
2025-01-23,116,"Ilahi Pritam, Arijit Singh",113,113,4,1617726
2025-01-23,117,Blue Eyes Yo Yo Honey Singh,38,86,21,1616190
2025-01-23,118,"Malang Sajna Sachet Tandon, Parampara Tandon, Kumaar, Sachet-Parampara",4,91,105,1608348
2025-01-23,119,Maan Meri Jaan King,1,136,119,1605388
2025-01-23,120,"Phir Bhi Tumko Chaahunga Mithoon, Arijit Singh, Shashaa Tirupati",120,141,18,1603216
2025-01-23,121,"Taras - From ""Munjya"" Sachin-Jigar, Jasmine Sandlas, Amitabh Bhattacharya",38,128,32,1600323
2025-01-23,122,"Zaroor Aparshakti Khurana, Savi Kahlon",13,109,25,1592701
2025-01-23,123,"Tum Kya Mile (From ""Rocky Aur Rani Kii Prem Kahaani"") Pritam, Arijit Singh, Shreya Ghoshal, Amitabh Bhattacharya",9,120,82,1579422
2025-01-23,124,"Ishq Di Baajiyaan Shankar-Ehsaan-Loy, Diljit Dosanjh",114,114,7,1577417
2025-01-23,125,"Mast Magan (From ""2 States"") Arijit Singh, Chinmayi",45,122,137,1574571
2025-01-23,126,Old Money AP Dhillon,13,94,23,1562777
2025-01-23,127,"Tere Sang Yaara Atif Aslam, Manoj Muntashir",125,133,11,1555017
2025-01-23,128,"Kalank - Title Track Pritam, Arijit Singh",5,147,5,1549555
2025-01-23,129,Knife Brows Dhanda Nyoliwala,80,138,11,1546094
2025-01-23,130,"Admirin' You (feat. Preston Pablo) Karan Aujla, Ikky, Preston Pablo",24,144,77,1546046
2025-01-23,131,"Phir Mohabbat (From ""Murder 2"") Mohammed Irfan, Arijit Singh, Saim Bhat",131,139,4,1544818
2025-01-23,132,"Phir Aur Kya Chahiye (From ""Zara Hatke Zara Bachke"") Sachin-Jigar, Arijit Singh, Amitabh Bhattacharya",1,134,4,1537180
2025-01-23,133,Kahani Suno 2.0 Kaifi Khalil,1,132,110,1536841
2025-01-23,134,I Wanna Be Yours Arctic Monkeys,48,131,115,1536497
2025-01-23,135,"Kasturi (From ""Amar Prem Ki Prem Kahani"") Arijit Singh, Prasad S, Kunaal Vermaa",65,119,14,1534486
2025-01-23,136,"2 Khatole Masoom Sharma, Manjeet Mor, Chahal Saab, Vikash Rajana",136,151,3,1533103
2025-01-23,137,"Winning Speech Karan Aujla, Mxrci",8,137,36,1525884
2025-01-23,138,"Mere Mehboob Sachin-Jigar, Shilpa Rao, Sachet Tandon, Priya Saraiya",29,129,16,1521320
2025-01-23,139,Manjha Vishal Mishra,16,102,98,1508894
2025-01-23,140,"Piya O Re Piya Atif Aslam, Shreya Ghoshal, Sachin-Jigar",114,164,3,1502585
2025-01-23,141,"Tujhe Bhula Diya Vishal-Shekhar, Mohit Chauhan, Shekhar Ravjiani, Shruti Pathak",94,165,20,1490242
2025-01-23,142,"Tere Naina Shankar-Ehsaan-Loy, Shafqat Amanat Ali",142,175,2,1485539
2025-01-23,143,"Humnava Mere Jubin Nautiyal, Rocky - Shiv",66,149,21,1477791
2025-01-23,144,"Pal Javed-Mohsin, Arijit Singh, Shreya Ghoshal, Kunaal Vermaa, Prashant Ingole",34,142,194,1451862
2025-01-23,145,"One Of The Girls (with JENNIE, Lily Rose Depp) The Weeknd, JENNIE, Lily-Rose Depp",98,146,55,1446654
2025-01-23,146,"Bulleya Vishal-Shekhar, Papon, Irshad Kamil",146,—,1,1443922
2025-01-23,147,"Banjaara (From ""Ek Villain"") Mohammed Irfan",146,160,3,1440995
2025-01-23,148,"Timeless (feat. Playboi Carti) The Weeknd, Playboi Carti",148,167,5,1440233
2025-01-23,149,"Zaalima Arijit Singh, Harshdeep Kaur",78,161,5,1439491
2025-01-23,150,Hale Dil Harshit Saxena,98,183,3,1437571
2025-01-23,151,"Ve Haaniyaan Danny, Avvy Sra, Sagar",10,121,51,1430436
2025-01-23,152,"Khuda Jaane Vishal-Shekhar, KK, Shilpa Rao, Anvita Dutt Guptan",37,172,88,1428100
2025-01-23,153,Nazm Nazm Arko,106,143,7,1411477
2025-01-23,154,"Bolna (From ""Kapoor & Sons (Since 1921)"") Tanishk Bagchi, Arijit Singh, Asees Kaur",59,152,66,1407723
2025-01-23,155,"Hona Tha Pyar Atif Aslam, Hadiqa Kiani",155,—,1,1406735
2025-01-23,156,"Chahun Main Ya Naa (From ""Aashiqui 2"") Palak Muchhal, Arijit Singh",108,168,62,1402637
2025-01-23,157,"Kinni Kinni Diljit Dosanjh, thiarajxtt",24,123,63,1400220
2025-01-23,158,Up To U Dhanda Nyoliwala,58,174,11,1395631
2025-01-23,159,"Sawadeeka (From ""Vidaamuyarchi"") Anirudh Ravichander, Anthony Daasan, Arivu",159,200,2,1392462
2025-01-23,160,"Manasilaayo Anirudh Ravichander, Malaysia Vasudevan, Deepthi Suresh, Yugendran Vasudevan",7,104,20,1388795
2025-01-23,161,"Zara Sa Pritam, KK",33,162,17,1387463
2025-01-23,162,"Hey Minnale G. V. Prakash, Haricharan, Shweta Mohan, Karthik Netha",10,106,15,1384695
2025-01-23,163,"Hua Main (From ""ANIMAL"") Raghav Chaitanya, Manoj Muntashir, Pritam",6,159,67,1383704
2025-01-23,164,Deewana Kar Raha Hai Javed Ali,164,—,1,1383551
2025-01-23,165,Espresso Sabrina Carpenter,26,145,39,1377982
2025-01-23,166,"Illuminati Sushin Shyam, Dabzee, Vinayak Sasikumar",3,130,42,1374604
2025-01-23,167,"Jaanam (From ""Bad Newz"") Vishal Mishra",7,163,8,1372972
2025-01-23,168,Perfect Ed Sheeran,29,166,249,1370808
2025-01-23,169,Guzarish Javed Ali,148,171,15,1370409
2025-01-23,170,"Starboy The Weeknd, Daft Punk",12,176,137,1364896
2025-01-23,171,"Samjhawan Jawad Ahmad, Shaarib Toshi, Arijit Singh, Shreya Ghoshal",70,177,4,1354251
2025-01-23,172,Lemonade Diljit Dosanjh,26,140,125,1347483
2025-01-23,173,"Lalkara Diljit Dosanjh, Intense, Sultaan",22,148,68,1343920
2025-01-23,174,"Beete Lamhein (From ""The Train"") KK",75,178,37,1343349
2025-01-23,175,"Main Rang Sharbaton Ka Atif Aslam, Chinmayi, Pritam",73,153,4,1342251
2025-01-23,176,"Kya Mujhe Pyar Hai Pritam, KK, Neelesh Misra",42,—,1,1341984
2025-01-23,177,"Blender Masoom Sharma, Swara Verma, Dev Chouhan, Pooja Saxena",177,194,3,1338753
2025-01-23,178,ANTIDOTE Karan Aujla,32,156,30,1318974
2025-01-23,179,Asal Mein Darshan Raval,21,169,100,1309935
2025-01-23,180,"Channa Ve - From ""Bhoot - Part One: The Haunted Ship"" Mansheel Gujral, Akhil Sachdeva",33,199,6,1308258
2025-01-23,181,Choo Lo The Local Train,49,191,82,1307582
2025-01-23,182,Night Changes One Direction,22,190,191,1301589
2025-01-23,183,"Dil Se Dil Tak (From ""Bawaal"") Akashdeep Sengupta, Laqshay Kapoor, Kausar Munir, Suvarna Tiwari",38,179,7,1300762
2025-01-23,184,"Raabta Pritam, Arijit Singh",41,154,14,1299514
2025-01-23,185,"Tum Tak A.R. Rahman, Javed Ali, KIRTI SAGATHIA, Pooja AV",167,—,1,1294679
2025-01-23,186,King Shit Shubh,5,186,55,1293497
2025-01-23,187,"Duniyaa (From ""Luka Chuppi"") Akhil, Dhvani Bhanushali, Kunaal Vermaa, Abhijit Vaghani",1,182,309,1289780
2025-01-23,188,G.O.A.T. Diljit Dosanjh,1,157,20,1277033
2025-01-23,189,"Kun Faya Kun A.R. Rahman, Javed Ali, Mohit Chauhan",60,189,3,1276824
2025-01-23,190,"52 Bars Karan Aujla, Ikky",12,192,2,1266440
2025-01-23,191,"Uyi Amma - From ""Azaad"" Amit Trivedi, Madhubanti Bagchi, Amitabh Bhattacharya",191,—,1,1265822
2025-01-23,192,"Triple OG DIVINE, Phenom",192,—,1,1264952
2025-01-23,193,"Kissik (From ""Pushpa 2 The Rule"") [TELUGU] Sublahshini, Devi Sri Prasad, Chandra Bose",30,127,8,1253059
2025-01-23,194,"Itni Si Baat Hain (From ""Azhar"") Arijit Singh, Antara Mitra",144,—,1,1252047
2025-01-23,195,"9:45 Prabh Singh, Jay Trak, Rooh Sandhu",9,188,81,1250662
2025-01-23,196,"Bekhayali (From ""Kabir Singh"") Sachet Tandon, Sachet-Parampara",1,—,1,1248283
2025-01-23,197,"Teri Baaton Mein Aisa Uljha Jiya Title Song (From ""Teri Baaton Mein Aisa Uljha Jiya"") Raghav, Tanishk Bagchi, Asees Kaur",5,196,2,1246891
2025-01-23,198,Kabhi Kabhi Aditi Rashid Ali,58,185,55,1246221
2025-01-23,199,"Sooseki (From ""Pushpa 2 The Rule"") [TELUGU] Shreya Ghoshal, Devi Sri Prasad, Chandra Bose",89,170,8,1242423
2025-01-23,200,Mahiye Jinna Sohna Darshan Raval,2,180,3,1227721
2025-01-30,1,"Sahiba Jasleen Royal, Stebin Ben, Vijay Deverakonda, Radhikka Madan, Priya Saraiya, Aditya Sharma",1,1,10,7042012
2025-01-30,2,"Ishq Hai Anurag Saikia, Raj Shekhar, Romy, Amarabha Banerjee, Varun Jain, Madhubanti Bagchi, Mismatched - Cast",1,2,7,6859427
2025-01-30,3,Jo Tum Mere Ho Anuv Jain,1,4,25,5771923
2025-01-30,4,"Raanjhan (From ""Do Patti"") Sachet-Parampara, Parampara Tandon, Kausar Munir",2,3,15,5675262
2025-01-30,5,"Die With A Smile Lady Gaga, Bruno Mars",4,5,18,4684247
2025-01-30,6,"Ishq Faheem Abdullah, Rauhan Malik, Amir Ameer",2,6,44,4574539
2025-01-30,7,Wavy Karan Aujla,4,7,11,3851150
2025-01-30,8,"Sajni (From ""Laapataa Ladies"") Ram Sampath, Arijit Singh, Prashant Pandey",1,10,39,3604164
2025-01-30,9,"Aaj Ki Raat (From ""Stree 2"") Sachin-Jigar, Madhubanti Bagchi, Divya Kumar, Amitabh Bhattacharya",1,8,27,3596966
2025-01-30,10,Millionaire Yo Yo Honey Singh,3,9,22,3513862
2025-01-30,11,"Apna Bana Le Sachin-Jigar, Arijit Singh, Amitabh Bhattacharya",1,11,66,3498372
2025-01-30,12,"Tum Se (From ""Teri Baaton Mein Aisa Uljha Jiya"") Sachin-Jigar, Raghav Chaitanya, Varun Jain, Indraneel",10,17,49,3095773
2025-01-30,13,Russian Bandana Dhanda Nyoliwala,6,14,18,3063513
2025-01-30,14,"Tujhe Kitna Chahne Lage (From ""Kabir Singh"") Arijit Singh, Mithoon",2,12,296,3059466
2025-01-30,15,"Ye Tune Kya Kiya Pritam, Javed Bashir",15,19,43,3040520
2025-01-30,16,"Tum Se Hi Pritam, Mohit Chauhan, Irshad Kamil",13,13,251,3023184
2025-01-30,17,"Payal Yo Yo Honey Singh, Paradox",14,15,10,2867273
2025-01-30,18,"Tu Hain Toh Main Hoon (From ""Sky Force"") Tanishk Bagchi, Arijit Singh, Afsana Khan, Irshad Kamil",18,—,1,2843438
2025-01-30,19,"Jaana Samjho Na (From ""Bhool Bhulaiyaa 3"") Aditya Rikhari, Tulsi Kumar, Lijo George-Dj Chetas",9,16,13,2793965
2025-01-30,20,"Satranga (From ""ANIMAL"") Arijit Singh, Shreyas Puranik, Siddharth - Garima",2,22,66,2741210
2025-01-30,21,blue yung kai,16,18,8,2707695
2025-01-30,22,"Ajab Si Vishal-Shekhar, KK",22,29,128,2688367
2025-01-30,23,"Jhol Maanu, Annural Khalid",23,37,7,2682098
2025-01-30,24,Husn Anuv Jain,1,20,61,2666887
2025-01-30,25,"Humdard (From ""Ek Villain"") Arijit Singh",24,24,138,2652951
2025-01-30,26,"Sang Rahiyo (feat. Ujjwal Kashyap) Jasleen Royal, Ujjwal Kashyap",21,23,46,2613230
2025-01-30,27,"Pehle Bhi Main Vishal Mishra, Raj Shekhar",1,25,61,2600934
2025-01-30,28,"Dekhha Tenu (From ""Mr. And Mrs. Mahi"") Mohammad Faiz, Jaani",2,28,37,2573649
2025-01-30,29,"Softly Karan Aujla, Ikky",4,21,76,2479351
2025-01-30,30,"Tera Hone Laga Hoon Atif Aslam, Alisha Chinai, Pritam",30,39,194,2466356
2025-01-30,31,"Mere Sohneya (From ""Kabir Singh"") Sachet Tandon, Parampara Tandon, Sachet-Parampara",4,30,106,2458681
2025-01-30,32,"Jeena Jeena Sachin-Jigar, Atif Aslam",29,38,53,2443301
2025-01-30,33,"Tainu Khabar Nahi - From ""Munjya"" Sachin-Jigar, Arijit Singh",17,26,33,2433713
2025-01-30,34,"O Maahi Pritam, Arijit Singh, Irshad Kamil",4,32,59,2433456
2025-01-30,35,Tauba Tauba Karan Aujla,1,33,30,2395905
2025-01-30,36,"Chuttamalle (From ""Devara Part 1"") Shilpa Rao, Anirudh Ravichander, Ramajogayya Sastry",4,27,26,2395363
2025-01-30,37,"Subhanallah Pritam, Sreeram, Shilpa Rao",34,34,28,2323249
2025-01-30,38,"APT. ROSÉ, Bruno Mars",13,31,15,2287369
2025-01-30,39,"Agar Tum Saath Ho (From ""Tamasha"") Alka Yagnik, Arijit Singh",4,50,287,2286819
2025-01-30,40,"Saibo Sachin-Jigar, Shreya Ghoshal, Tochi Raina",31,44,216,2273344
2025-01-30,41,"Khoobsurat (From ""Stree 2"") Sachin-Jigar, Vishal Mishra, Amitabh Bhattacharya",5,41,24,2256201
2025-01-30,42,Baarishein Anuv Jain,16,43,154,2249419
2025-01-30,43,"Aayi Nai (From ""Stree 2"") Sachin-Jigar, Pawan Singh, Simran Choudhary, Divya Kumar, Amitabh Bhattacharya",2,36,25,2246072
2025-01-30,44,"O Saathi Atif Aslam, Arko",44,46,68,2245684
2025-01-30,45,"Godari Gattu Meedha (From ""Sankranthiki Vasthunam"") Ramana Gogula, Madhupriya, Bheems Ceciroleo, Bhaskarabhatla",40,40,5,2238141
2025-01-30,46,"Ranjha (From ""Shershaah"") Jasleen Royal, B Praak, Romy",1,53,182,2199033
2025-01-30,47,"Naina (From ""Crew"") Diljit Dosanjh, Badshah, Raj Ranjodh",3,35,47,2187948
2025-01-30,48,Tu hai kahan AUR,1,42,68,2173254
2025-01-30,49,"Tumhare Hi Rahenge Hum (From ""Stree 2"") Sachin-Jigar, Varun Jain, Shilpa Rao, Amitabh Bhattacharya",8,48,24,2158955
2025-01-30,50,"Akhiyaan Gulaab (From ""Teri Baaton Mein Aisa Uljha Jiya"") Mitraz",2,58,53,2156023
2025-01-30,51,"Ahista Ahista Kazinama, Musarrat Nazir",51,73,3,2146832
2025-01-30,52,"Kaise Hua (From ""Kabir Singh"") Vishal Mishra, Manoj Muntashir",5,55,294,2101443
2025-01-30,53,Shree Hanuman Chalisa Hariharan,39,56,121,2091390
2025-01-30,54,Born to Shine Diljit Dosanjh,14,47,48,2072437
2025-01-30,55,"Tum Hi Ho Mithoon, Arijit Singh",42,61,209,2060295
2025-01-30,56,"Suniyan Suniyan Juss, MixSingh",3,49,37,2049501
2025-01-30,57,Dil Diyan Gallan Atif Aslam,53,60,116,2041534
2025-01-30,58,"Lock Sidhu Moose Wala, The Kidd",58,—,1,2031736
2025-01-30,59,"Ishq Sufiyana (Male) Vishal-Shekhar, Kamal Khan",59,59,8,2027254
2025-01-30,60,"Heeriye (feat. Arijit Singh) Jasleen Royal, Arijit Singh, Dulquer Salmaan",1,45,79,2017022
2025-01-30,61,"Humsafar (From ""Badrinath Ki Dulhania"") Akhil Sachdeva, Mansheel Gujral",52,54,13,2004722
2025-01-30,62,La La La Dhanda Nyoliwala,62,82,4,2004446
2025-01-30,63,"Uyi Amma - From ""Azaad"" Amit Trivedi, Madhubanti Bagchi, Amitabh Bhattacharya",63,191,2,1994854
2025-01-30,64,"O Rangrez Shankar-Ehsaan-Loy, Shreya Ghoshal, Javed Bashir, Yusuf Mohammed, Vajid Ali",64,80,13,1994229
2025-01-30,65,"Mera Mann Juss, MixSingh",12,51,8,1976886
2025-01-30,66,"Tera Ban Jaunga (From ""Kabir Singh"") Akhil Sachdeva, Tulsi Kumar",4,57,73,1967909
2025-01-30,67,"Shayad Pritam, Arijit Singh",1,76,263,1942335
2025-01-30,68,"Haan Ke Haan Sohail Sen, Monali Thakur, Kausar Munir",9,71,26,1933968
2025-01-30,69,"Soch Na Sake Amaal Mallik, Arijit Singh, Tulsi Kumar",46,65,79,1916674
2025-01-30,70,"Bulleya Vishal-Shekhar, Papon, Irshad Kamil",70,146,2,1905078
2025-01-30,71,"Pehli Dafa Atif Aslam, Shiraz Uppal",69,69,56,1894137
2025-01-30,72,"AANKH Sunidhi Chauhan, Rusha & Blizza",66,66,6,1876898
2025-01-30,73,Bandana Shubh,8,74,44,1863252
2025-01-30,74,Mann Mera Gajendra Verma,26,79,64,1852292
2025-01-30,75,Maiyya Mainu Sachet Tandon,5,84,24,1836900
2025-01-30,76,"Teri Deewani Kailash Kher, Paresh Kamath, Naresh Kamath",76,88,7,1833391
2025-01-30,77,Desi Kalakaar Yo Yo Honey Singh,13,63,25,1832175
2025-01-30,78,One Love Shubh,3,67,76,1820330
2025-01-30,79,"Janiye (from the Netflix Film ""Chor Nikal Ke Bhaga"") Vishal Mishra, Rashmeet Kaur",5,64,82,1814908
2025-01-30,80,"Victory Anthem Khushi TDT, Lash curry, Audiocrackerr",17,62,12,1813489
2025-01-30,81,"Excuses AP Dhillon, Gurinder Gill, Intense",1,70,171,1805623
2025-01-30,82,"Tu Jaane Na Atif Aslam, Pritam",71,101,53,1801649
2025-01-30,83,"Maiyya Sachet-Parampara, Sachet Tandon, Parampara Tandon, Kausar Munir",39,52,8,1801424
2025-01-30,84,Maula Mere Maula Roop Kumar Rathod,75,75,24,1794344
2025-01-30,85,"Bujji Thalli (From ""Thandel"") Devi Sri Prasad, Javed Ali, Shree Mani",77,78,9,1788582
2025-01-30,86,"Ve Kamleya (From ""Rocky Aur Rani Kii Prem Kahaani"") Pritam, Arijit Singh, Shreya Ghoshal, Shadab Faridi, Altamash Faridi, Amitabh Bhattacharya",15,92,66,1775091
2025-01-30,87,"Saiyyan Kailash Kher, Paresh Kamath, Naresh Kamath",83,83,29,1771148
2025-01-30,88,"Tu Hain Toh (From ""Mr. And Mrs. Mahi"") Bunny, Hunny, Sagar",8,85,32,1770416
2025-01-30,89,"Jeene Laga Hoon Atif Aslam, Shreya Ghoshal, Sachin-Jigar",62,91,17,1766017
2025-01-30,90,"Soulmate Badshah, Arijit Singh",2,95,45,1762830
2025-01-30,91,"Departure Lane Talha Anjum, Umair",68,68,4,1761525
2025-01-30,92,"Hamari Adhuri Kahani (Title Track) Jeet Gannguli, Arijit Singh",56,96,128,1756622
2025-01-30,93,"White Brown Black Avvy Sra, Karan Aujla, Jaani",29,72,111,1751762
2025-01-30,94,"Soni Soni (From ""Ishq Vishk Rebound"") Darshan Raval, Jonita Gandhi, Rochak Kohli, Gurpreet Saini",4,104,35,1736857
2025-01-30,95,"Mitwa Shankar-Ehsaan-Loy, Shankar Mahadevan, Caralisa Monteiro, Shafqat Amanat Ali",95,112,14,1732900
2025-01-30,96,"Tere Bina A.R. Rahman, Chinmayi, Murtuza Khan, Qadir Khan",96,97,23,1730512
2025-01-30,97,"Pani Da Rang - Male Vocals Ayushmann Khurrana, Rochak Kohli",68,109,10,1716505
2025-01-30,98,Cheques Shubh,1,93,88,1715325
2025-01-30,99,"Kabira Pritam, Tochi Raina, Rekha Bhardwaj",31,103,251,1707338
2025-01-30,100,"Ae Dil Hai Mushkil Title Track Pritam, Arijit Singh",79,113,127,1702263
2025-01-30,101,"Kesariya Pritam, Arijit Singh, Amitabh Bhattacharya",1,107,133,1692162
2025-01-30,102,"Dil Tu Jaan Tu Gurnazar, Chet Singh",14,111,27,1689281
2025-01-30,103,Tera Fitoor Arijit Singh,61,106,5,1688472
2025-01-30,104,"O Meri Laila Atif Aslam, Jyotica Tangri",16,87,25,1685472
2025-01-30,105,"Hawayein Pritam, Arijit Singh",51,100,99,1680766
2025-01-30,106,Tere Bina Na Guzara E Josh Brar,19,90,16,1672595
2025-01-30,107,"Hasi - Male Version Ami Mishra, Kunaal Vermaa",77,102,83,1664309
2025-01-30,108,"Tum Kya Mile (From ""Rocky Aur Rani Kii Prem Kahaani"") Pritam, Arijit Singh, Shreya Ghoshal, Amitabh Bhattacharya",9,123,83,1660103
2025-01-30,109,"Ishq Di Baajiyaan Shankar-Ehsaan-Loy, Diljit Dosanjh",109,124,8,1658142
2025-01-30,110,"Ilahi Pritam, Arijit Singh",110,116,5,1648801
2025-01-30,111,"Aaye Haaye (Feat. Nora Fatehi) Karan Aujla, Neha Kakkar, Jay Trak",32,77,8,1646583
2025-01-30,112,"Chaleya Anirudh Ravichander, Arijit Singh, Shilpa Rao, Kumaar",1,115,77,1644194
2025-01-30,113,Samjho Na Aditya Rikhari,23,105,85,1634764
2025-01-30,114,"Tenu Sang Rakhna Achint, Arijit Singh, Anumita Nadesan, Varun Grover",94,94,4,1633625
2025-01-30,115,"Aasa Kooda - From ""Think Indie"" Sai Abhyankkar, Sai Smriti",3,98,32,1627995
2025-01-30,116,Knife Brows Dhanda Nyoliwala,80,129,12,1621943
2025-01-30,117,"Pee Loon Pritam, Mohit Chauhan, Irshad Kamil",37,99,49,1620967
2025-01-30,118,"Kalank - Title Track Pritam, Arijit Singh",5,128,6,1618906
2025-01-30,119,"Kho Gaye Taaruk Raina, Mismatched - Cast",8,81,6,1614195
2025-01-30,120,"Phir Mohabbat (From ""Murder 2"") Mohammed Irfan, Arijit Singh, Saim Bhat",120,131,5,1609568
2025-01-30,121,"Mast Magan (From ""2 States"") Arijit Singh, Chinmayi",45,125,138,1607866
2025-01-30,122,"Phir Aur Kya Chahiye (From ""Zara Hatke Zara Bachke"") Sachin-Jigar, Arijit Singh, Amitabh Bhattacharya",1,132,5,1607800
2025-01-30,123,Love Dose Yo Yo Honey Singh,32,114,22,1605731
2025-01-30,124,"God Damn Badshah, Karan Aujla, Hiten",15,108,45,1593880
2025-01-30,125,Buckle Up Shubh,125,—,1,1593639
2025-01-30,126,"Phir Bhi Tumko Chaahunga Mithoon, Arijit Singh, Shashaa Tirupati",120,120,19,1581056
2025-01-30,127,"Tere Sang Yaara Atif Aslam, Manoj Muntashir",125,127,12,1571995
2025-01-30,128,"Banjaara (From ""Ek Villain"") Mohammed Irfan",128,147,4,1564487
2025-01-30,129,Blue Eyes Yo Yo Honey Singh,38,117,22,1561859
2025-01-30,130,"Zaroor Aparshakti Khurana, Savi Kahlon",13,122,26,1560872
2025-01-30,131,Kahani Suno 2.0 Kaifi Khalil,1,133,111,1552460
2025-01-30,132,"Morni Badshah, Sharvi Yadav, Hiten",33,89,10,1540289
2025-01-30,133,"Humnava Mere Jubin Nautiyal, Rocky - Shiv",66,143,22,1538844
2025-01-30,134,"Taras - From ""Munjya"" Sachin-Jigar, Jasmine Sandlas, Amitabh Bhattacharya",38,121,33,1533491
2025-01-30,135,"Tujhe Bhula Diya Vishal-Shekhar, Mohit Chauhan, Shekhar Ravjiani, Shruti Pathak",94,141,21,1533367
2025-01-30,136,I Wanna Be Yours Arctic Monkeys,48,134,116,1530424
2025-01-30,137,"Peelings (From ""Pushpa 2 The Rule"") [TELUGU] Shankarr Babu Kandukoori, Laxmi Dasa, Devi Sri Prasad, Chandra Bose, Siju Thuravoor",19,86,8,1528341
2025-01-30,138,"Kasturi (From ""Amar Prem Ki Prem Kahani"") Arijit Singh, Prasad S, Kunaal Vermaa",65,135,15,1523218
2025-01-30,139,Maan Meri Jaan King,1,119,120,1521762
2025-01-30,140,"Timeless (feat. Playboi Carti) The Weeknd, Playboi Carti",140,148,6,1519380
2025-01-30,141,"Winning Speech Karan Aujla, Mxrci",8,137,37,1511918
2025-01-30,142,"Zara Sa Pritam, KK",33,161,18,1508969
2025-01-30,143,"Chale Aana (From ""De De Pyaar De"") Amaal Mallik, Armaan Malik, Kunaal Vermaa",18,110,12,1504453
2025-01-30,144,"Admirin' You (feat. Preston Pablo) Karan Aujla, Ikky, Preston Pablo",24,130,78,1504042
2025-01-30,145,"Malang Sajna Sachet Tandon, Parampara Tandon, Kumaar, Sachet-Parampara",4,118,106,1501105
2025-01-30,146,"Pal Javed-Mohsin, Arijit Singh, Shreya Ghoshal, Kunaal Vermaa, Prashant Ingole",34,144,195,1494725
2025-01-30,147,"Hona Tha Pyar Atif Aslam, Hadiqa Kiani",147,155,2,1483345
2025-01-30,148,"Tere Naina Shankar-Ehsaan-Loy, Shafqat Amanat Ali",142,142,3,1481391
2025-01-30,149,"Beete Lamhein (From ""The Train"") KK",75,174,38,1476128
2025-01-30,150,"Bolna (From ""Kapoor & Sons (Since 1921)"") Tanishk Bagchi, Arijit Singh, Asees Kaur",59,154,67,1473480
2025-01-30,151,Old Money AP Dhillon,13,126,24,1470701
2025-01-30,152,"Ve Haaniyaan Danny, Avvy Sra, Sagar",10,151,52,1467937
2025-01-30,153,"Khuda Jaane Vishal-Shekhar, KK, Shilpa Rao, Anvita Dutt Guptan",37,152,89,1456285
2025-01-30,154,"Mere Mehboob Sachin-Jigar, Shilpa Rao, Sachet Tandon, Priya Saraiya",29,138,17,1450677
2025-01-30,155,Asal Mein Darshan Raval,21,179,101,1450320
2025-01-30,156,Guzarish Javed Ali,148,169,16,1448922
2025-01-30,157,Nazm Nazm Arko,106,153,8,1445435
2025-01-30,158,"Zaalima Arijit Singh, Harshdeep Kaur",78,149,6,1443515
2025-01-30,159,"One Of The Girls (with JENNIE, Lily Rose Depp) The Weeknd, JENNIE, Lily-Rose Depp",98,145,56,1443218
2025-01-30,160,"Chahun Main Ya Naa (From ""Aashiqui 2"") Palak Muchhal, Arijit Singh",108,156,63,1440796
2025-01-30,161,"Maaye (From ""Sky Force"") Tanishk Bagchi, Manoj Muntashir, B Praak",161,—,1,1423235
2025-01-30,162,"Samjhawan Jawad Ahmad, Shaarib Toshi, Arijit Singh, Shreya Ghoshal",70,171,5,1416210
2025-01-30,163,Manjha Vishal Mishra,16,139,99,1413706
2025-01-30,164,"2 Khatole Masoom Sharma, Manjeet Mor, Chahal Saab, Vikash Rajana",136,136,4,1409531
2025-01-30,165,Perfect Ed Sheeran,29,168,250,1399002
2025-01-30,166,"Tum Tak A.R. Rahman, Javed Ali, KIRTI SAGATHIA, Pooja AV",166,185,2,1392992
2025-01-30,167,Hale Dil Harshit Saxena,98,150,4,1373346
2025-01-30,168,Up To U Dhanda Nyoliwala,58,158,12,1367623
2025-01-30,169,"Starboy The Weeknd, Daft Punk",12,170,138,1363914
2025-01-30,170,"Blender Masoom Sharma, Swara Verma, Dev Chouhan, Pooja Saxena",170,177,4,1355622
2025-01-30,171,"Kinni Kinni Diljit Dosanjh, thiarajxtt",24,157,64,1355326
2025-01-30,172,"Hua Main (From ""ANIMAL"") Raghav Chaitanya, Manoj Muntashir, Pritam",6,163,68,1347628
2025-01-30,173,Deewana Kar Raha Hai Javed Ali,164,164,2,1339674
2025-01-30,174,"Kun Faya Kun A.R. Rahman, Javed Ali, Mohit Chauhan",60,189,4,1336123
2025-01-30,175,"Sawadeeka (From ""Vidaamuyarchi"") Anirudh Ravichander, Anthony Daasan, Arivu",159,159,3,1330616
2025-01-30,176,"Piya O Re Piya Atif Aslam, Shreya Ghoshal, Sachin-Jigar",114,140,4,1330069
2025-01-30,177,ANTIDOTE Karan Aujla,32,178,31,1329796
2025-01-30,178,"Raabta Pritam, Arijit Singh",41,184,15,1325032
2025-01-30,179,Fell For You Shubh,179,—,1,1322687
2025-01-30,180,"Illuminati Sushin Shyam, Dabzee, Vinayak Sasikumar",3,166,43,1313150
2025-01-30,181,Mahiye Jinna Sohna Darshan Raval,2,200,4,1310878
2025-01-30,182,"Channa Ve - From ""Bhoot - Part One: The Haunted Ship"" Mansheel Gujral, Akhil Sachdeva",33,180,7,1310796
2025-01-30,183,"Lalkara Diljit Dosanjh, Intense, Sultaan",22,173,69,1309511
2025-01-30,184,"Qaafirana Amit Trivedi, Arijit Singh, Nikhita Gandhi",40,—,1,1308613
2025-01-30,185,Espresso Sabrina Carpenter,26,165,40,1301606
2025-01-30,186,"Khamoshiyan Jeet Gannguli, Arijit Singh",90,—,1,1300699
2025-01-30,187,"Tere Liye Atif Aslam, Shreya Ghoshal",187,—,1,1291718
2025-01-30,188,"Manasilaayo Anirudh Ravichander, Malaysia Vasudevan, Deepthi Suresh, Yugendran Vasudevan",7,160,21,1288600
2025-01-30,189,"Itni Si Baat Hain (From ""Azhar"") Arijit Singh, Antara Mitra",144,194,2,1288389
2025-01-30,190,"O Re Piya Salim–Sulaiman, Rahat Fateh Ali Khan, Jaideep Sahni",95,—,1,1282664
2025-01-30,191,"Triple OG DIVINE, Phenom",191,192,2,1280291
2025-01-30,192,"Bekhayali (From ""Kabir Singh"") Sachet Tandon, Sachet-Parampara",1,196,2,1277137
2025-01-30,193,Choo Lo The Local Train,49,181,83,1276407
2025-01-30,194,"Jaanam (From ""Bad Newz"") Vishal Mishra",7,167,9,1275640
2025-01-30,195,"Main Rang Sharbaton Ka Atif Aslam, Chinmayi, Pritam",73,175,5,1275031
2025-01-30,196,"Bol Na Halke Halke Shankar-Ehsaan-Loy, Rahat Fateh Ali Khan, Mahalakshmi Iyer, Gulzar",196,—,1,1272561
2025-01-30,197,"Hey Minnale G. V. Prakash, Haricharan, Shweta Mohan, Karthik Netha",10,162,16,1264941
2025-01-30,198,"Khairiyat Pritam, Arijit Singh",1,—,1,1256738
2025-01-30,199,Lemonade Diljit Dosanjh,26,172,126,1249160
2025-01-30,200,"Duniyaa (From ""Luka Chuppi"") Akhil, Dhvani Bhanushali, Kunaal Vermaa, Abhijit Vaghani",1,187,310,1248892
